0 verbose cli /Users/prithukathet/.nvm/versions/node/v25.2.1/bin/node /Users/prithukathet/.nvm/versions/node/v25.2.1/bin/npm
1 info using npm@11.6.2
2 info using node@v25.2.1
3 silly config load:file:/Users/prithukathet/.nvm/versions/node/v25.2.1/lib/node_modules/npm/npmrc
4 warn Unknown env config "devdir". This will stop working in the next major version of npm.
5 silly config load:file:/Users/prithukathet/Desktop/Lewis_University/4thSem/disaster-relief-platform/frontend/.npmrc
6 silly config load:file:/Users/prithukathet/.npmrc
7 silly config load:file:/Users/prithukathet/.nvm/versions/node/v25.2.1/etc/npmrc
8 verbose title npm install
9 verbose argv "install" "--cache" "./.npm-cache-local"
10 verbose logfile logs-max:10 dir:/Users/prithukathet/Desktop/Lewis_University/4thSem/disaster-relief-platform/frontend/.npm-cache-local/_logs/2026-05-04T02_03_04_958Z-
11 verbose logfile /Users/prithukathet/Desktop/Lewis_University/4thSem/disaster-relief-platform/frontend/.npm-cache-local/_logs/2026-05-04T02_03_04_958Z-debug-0.log
12 silly logfile done cleaning log files
13 silly packumentCache heap:4496293888 maxSize:1124073472 maxEntrySize:562036736
14 silly idealTree buildDeps
15 silly reify mark retired [
15 silly reify   '/Users/prithukathet/Desktop/Lewis_University/4thSem/disaster-relief-platform/frontend/node_modules/@mui/icons-material'
15 silly reify ]
16 silly reify moves {
16 silly reify   '/Users/prithukathet/Desktop/Lewis_University/4thSem/disaster-relief-platform/frontend/node_modules/@mui/icons-material': '/Users/prithukathet/Desktop/Lewis_University/4thSem/disaster-relief-platform/frontend/node_modules/@mui/.icons-material-PWEBCO2o'
16 silly reify }
17 silly audit bulk request {
17 silly audit   '@babel/code-frame': [ '7.29.0' ],
17 silly audit   '@babel/compat-data': [ '7.29.0' ],
17 silly audit   '@babel/core': [ '7.29.0' ],
17 silly audit   '@babel/generator': [ '7.29.1' ],
17 silly audit   '@babel/helper-compilation-targets': [ '7.28.6' ],
17 silly audit   '@babel/helper-globals': [ '7.28.0' ],
17 silly audit   '@babel/helper-module-imports': [ '7.28.6' ],
17 silly audit   '@babel/helper-module-transforms': [ '7.28.6' ],
17 silly audit   '@babel/helper-plugin-utils': [ '7.28.6' ],
17 silly audit   '@babel/helper-string-parser': [ '7.27.1' ],
17 silly audit   '@babel/helper-validator-identifier': [ '7.28.5' ],
17 silly audit   '@babel/helper-validator-option': [ '7.27.1' ],
17 silly audit   '@babel/helpers': [ '7.28.6' ],
17 silly audit   '@babel/parser': [ '7.29.0' ],
17 silly audit   '@babel/plugin-transform-react-jsx-self': [ '7.27.1' ],
17 silly audit   '@babel/plugin-transform-react-jsx-source': [ '7.27.1' ],
17 silly audit   '@babel/runtime': [ '7.28.6' ],
17 silly audit   '@babel/template': [ '7.28.6' ],
17 silly audit   '@babel/traverse': [ '7.29.0' ],
17 silly audit   '@babel/types': [ '7.29.0' ],
17 silly audit   '@emotion/babel-plugin': [ '11.13.5' ],
17 silly audit   'convert-source-map': [ '1.9.0', '2.0.0' ],
17 silly audit   '@emotion/cache': [ '11.14.0' ],
17 silly audit   '@emotion/hash': [ '0.9.2' ],
17 silly audit   '@emotion/is-prop-valid': [ '1.4.0' ],
17 silly audit   '@emotion/memoize': [ '0.9.0' ],
17 silly audit   '@emotion/react': [ '11.14.0' ],
17 silly audit   '@emotion/serialize': [ '1.3.3' ],
17 silly audit   '@emotion/sheet': [ '1.4.0' ],
17 silly audit   '@emotion/styled': [ '11.14.1' ],
17 silly audit   '@emotion/unitless': [ '0.10.0' ],
17 silly audit   '@emotion/use-insertion-effect-with-fallbacks': [ '1.2.0' ],
17 silly audit   '@emotion/utils': [ '1.4.2' ],
17 silly audit   '@emotion/weak-memoize': [ '0.4.0' ],
17 silly audit   '@esbuild/aix-ppc64': [ '0.25.12', '0.27.3' ],
17 silly audit   '@esbuild/android-arm': [ '0.25.12', '0.27.3' ],
17 silly audit   '@esbuild/android-arm64': [ '0.25.12', '0.27.3' ],
17 silly audit   '@esbuild/android-x64': [ '0.25.12', '0.27.3' ],
17 silly audit   '@esbuild/darwin-arm64': [ '0.25.12', '0.27.3' ],
17 silly audit   '@esbuild/darwin-x64': [ '0.25.12', '0.27.3' ],
17 silly audit   '@esbuild/freebsd-arm64': [ '0.25.12', '0.27.3' ],
17 silly audit   '@esbuild/freebsd-x64': [ '0.25.12', '0.27.3' ],
17 silly audit   '@esbuild/linux-arm': [ '0.25.12', '0.27.3' ],
17 silly audit   '@esbuild/linux-arm64': [ '0.25.12', '0.27.3' ],
17 silly audit   '@esbuild/linux-ia32': [ '0.25.12', '0.27.3' ],
17 silly audit   '@esbuild/linux-loong64': [ '0.25.12', '0.27.3' ],
17 silly audit   '@esbuild/linux-mips64el': [ '0.25.12', '0.27.3' ],
17 silly audit   '@esbuild/linux-ppc64': [ '0.25.12', '0.27.3' ],
17 silly audit   '@esbuild/linux-riscv64': [ '0.25.12', '0.27.3' ],
17 silly audit   '@esbuild/linux-s390x': [ '0.25.12', '0.27.3' ],
17 silly audit   '@esbuild/linux-x64': [ '0.25.12', '0.27.3' ],
17 silly audit   '@esbuild/netbsd-arm64': [ '0.27.3', '0.25.12' ],
17 silly audit   '@esbuild/netbsd-x64': [ '0.25.12', '0.27.3' ],
17 silly audit   '@esbuild/openbsd-arm64': [ '0.27.3', '0.25.12' ],
17 silly audit   '@esbuild/openbsd-x64': [ '0.25.12', '0.27.3' ],
17 silly audit   '@esbuild/openharmony-arm64': [ '0.27.3', '0.25.12' ],
17 silly audit   '@esbuild/sunos-x64': [ '0.25.12', '0.27.3' ],
17 silly audit   '@esbuild/win32-arm64': [ '0.25.12', '0.27.3' ],
17 silly audit   '@esbuild/win32-ia32': [ '0.25.12', '0.27.3' ],
17 silly audit   '@esbuild/win32-x64': [ '0.25.12', '0.27.3' ],
17 silly audit   '@eslint-community/eslint-utils': [ '4.9.1' ],
17 silly audit   '@eslint-community/regexpp': [ '4.12.2' ],
17 silly audit   '@eslint/eslintrc': [ '2.1.4' ],
17 silly audit   'balanced-match': [ '1.0.2', '4.0.4' ],
17 silly audit   'brace-expansion': [ '1.1.12', '5.0.3' ],
17 silly audit   ignore: [ '5.3.2', '7.0.5' ],
17 silly audit   minimatch: [ '3.1.5', '10.2.4' ],
17 silly audit   '@eslint/js': [ '8.57.1' ],
17 silly audit   '@floating-ui/core': [ '1.7.4' ],
17 silly audit   '@floating-ui/dom': [ '1.7.5' ],
17 silly audit   '@floating-ui/react-dom': [ '2.1.7' ],
17 silly audit   '@floating-ui/utils': [ '0.2.10' ],
17 silly audit   '@humanwhocodes/config-array': [ '0.13.0' ],
17 silly audit   '@humanwhocodes/module-importer': [ '1.0.1' ],
17 silly audit   '@humanwhocodes/object-schema': [ '2.0.3' ],
17 silly audit   '@isaacs/fs-minipass': [ '4.0.1' ],
17 silly audit   '@jridgewell/gen-mapping': [ '0.3.13' ],
17 silly audit   '@jridgewell/remapping': [ '2.3.5' ],
17 silly audit   '@jridgewell/resolve-uri': [ '3.1.2' ],
17 silly audit   '@jridgewell/sourcemap-codec': [ '1.5.5' ],
17 silly audit   '@jridgewell/trace-mapping': [ '0.3.31' ],
17 silly audit   '@mui/core-downloads-tracker': [ '7.3.8' ],
17 silly audit   '@mui/icons-material': [ '7.3.5' ],
17 silly audit   '@mui/material': [ '7.3.5' ],
17 silly audit   '@mui/private-theming': [ '7.3.8' ],
17 silly audit   '@mui/styled-engine': [ '7.3.8' ],
17 silly audit   '@mui/system': [ '7.3.8' ],
17 silly audit   '@mui/types': [ '7.4.11' ],
17 silly audit   '@mui/utils': [ '7.3.8' ],
17 silly audit   '@nodelib/fs.scandir': [ '2.1.5' ],
17 silly audit   '@nodelib/fs.stat': [ '2.0.5' ],
17 silly audit   '@nodelib/fs.walk': [ '1.2.8' ],
17 silly audit   '@popperjs/core': [ '2.11.8' ],
17 silly audit   '@radix-ui/number': [ '1.1.0' ],
17 silly audit   '@radix-ui/primitive': [ '1.1.1' ],
17 silly audit   '@radix-ui/react-accordion': [ '1.2.3' ],
17 silly audit   '@radix-ui/react-alert-dialog': [ '1.1.6' ],
17 silly audit   '@radix-ui/react-arrow': [ '1.1.2' ],
17 silly audit   '@radix-ui/react-aspect-ratio': [ '1.1.2' ],
17 silly audit   '@radix-ui/react-avatar': [ '1.1.3' ],
17 silly audit   '@radix-ui/react-checkbox': [ '1.1.4' ],
17 silly audit   '@radix-ui/react-collapsible': [ '1.1.3' ],
17 silly audit   '@radix-ui/react-collection': [ '1.1.2' ],
17 silly audit   '@radix-ui/react-compose-refs': [ '1.1.1' ],
17 silly audit   '@radix-ui/react-context': [ '1.1.1' ],
17 silly audit   '@radix-ui/react-context-menu': [ '2.2.6' ],
17 silly audit   '@radix-ui/react-dialog': [ '1.1.6' ],
17 silly audit   '@radix-ui/react-direction': [ '1.1.0' ],
17 silly audit   '@radix-ui/react-dismissable-layer': [ '1.1.5' ],
17 silly audit   '@radix-ui/react-dropdown-menu': [ '2.1.6' ],
17 silly audit   '@radix-ui/react-focus-guards': [ '1.1.1' ],
17 silly audit   '@radix-ui/react-focus-scope': [ '1.1.2' ],
17 silly audit   '@radix-ui/react-hover-card': [ '1.1.6' ],
17 silly audit   '@radix-ui/react-id': [ '1.1.0' ],
17 silly audit   '@radix-ui/react-label': [ '2.1.2' ],
17 silly audit   '@radix-ui/react-menu': [ '2.1.6' ],
17 silly audit   '@radix-ui/react-menubar': [ '1.1.6' ],
17 silly audit   '@radix-ui/react-navigation-menu': [ '1.2.5' ],
17 silly audit   '@radix-ui/react-popover': [ '1.1.6' ],
17 silly audit   '@radix-ui/react-popper': [ '1.2.2' ],
17 silly audit   '@radix-ui/react-portal': [ '1.1.4' ],
17 silly audit   '@radix-ui/react-presence': [ '1.1.2' ],
17 silly audit   '@radix-ui/react-primitive': [ '2.0.2' ],
17 silly audit   '@radix-ui/react-progress': [ '1.1.2' ],
17 silly audit   '@radix-ui/react-radio-group': [ '1.2.3' ],
17 silly audit   '@radix-ui/react-roving-focus': [ '1.1.2' ],
17 silly audit   '@radix-ui/react-scroll-area': [ '1.2.3' ],
17 silly audit   '@radix-ui/react-select': [ '2.1.6' ],
17 silly audit   '@radix-ui/react-separator': [ '1.1.2' ],
17 silly audit   '@radix-ui/react-slider': [ '1.2.3' ],
17 silly audit   '@radix-ui/react-slot': [ '1.1.2' ],
17 silly audit   '@radix-ui/react-switch': [ '1.1.3' ],
17 silly audit   '@radix-ui/react-tabs': [ '1.1.3' ],
17 silly audit   '@radix-ui/react-toggle': [ '1.1.2' ],
17 silly audit   '@radix-ui/react-toggle-group': [ '1.1.2' ],
17 silly audit   '@radix-ui/react-tooltip': [ '1.1.8' ],
17 silly audit   '@radix-ui/react-use-callback-ref': [ '1.1.0' ],
17 silly audit   '@radix-ui/react-use-controllable-state': [ '1.1.0' ],
17 silly audit   '@radix-ui/react-use-escape-keydown': [ '1.1.0' ],
17 silly audit   '@radix-ui/react-use-layout-effect': [ '1.1.0' ],
17 silly audit   '@radix-ui/react-use-previous': [ '1.1.0' ],
17 silly audit   '@radix-ui/react-use-rect': [ '1.1.0' ],
17 silly audit   '@radix-ui/react-use-size': [ '1.1.0' ],
17 silly audit   '@radix-ui/react-visually-hidden': [ '1.1.2' ],
17 silly audit   '@radix-ui/rect': [ '1.1.0' ],
17 silly audit   '@react-dnd/asap': [ '5.0.2' ],
17 silly audit   '@react-dnd/invariant': [ '4.0.2' ],
17 silly audit   '@react-dnd/shallowequal': [ '4.0.2' ],
17 silly audit   '@rolldown/pluginutils': [ '1.0.0-beta.27' ],
17 silly audit   '@rollup/rollup-android-arm-eabi': [ '4.57.1' ],
17 silly audit   '@rollup/rollup-android-arm64': [ '4.57.1' ],
17 silly audit   '@rollup/rollup-darwin-arm64': [ '4.57.1' ],
17 silly audit   '@rollup/rollup-darwin-x64': [ '4.57.1' ],
17 silly audit   '@rollup/rollup-freebsd-arm64': [ '4.57.1' ],
17 silly audit   '@rollup/rollup-freebsd-x64': [ '4.57.1' ],
17 silly audit   '@rollup/rollup-linux-arm-gnueabihf': [ '4.57.1' ],
17 silly audit   '@rollup/rollup-linux-arm-musleabihf': [ '4.57.1' ],
17 silly audit   '@rollup/rollup-linux-arm64-gnu': [ '4.57.1' ],
17 silly audit   '@rollup/rollup-linux-arm64-musl': [ '4.57.1' ],
17 silly audit   '@rollup/rollup-linux-loong64-gnu': [ '4.57.1' ],
17 silly audit   '@rollup/rollup-linux-loong64-musl': [ '4.57.1' ],
17 silly audit   '@rollup/rollup-linux-ppc64-gnu': [ '4.57.1' ],
17 silly audit   '@rollup/rollup-linux-ppc64-musl': [ '4.57.1' ],
17 silly audit   '@rollup/rollup-linux-riscv64-gnu': [ '4.57.1' ],
17 silly audit   '@rollup/rollup-linux-riscv64-musl': [ '4.57.1' ],
17 silly audit   '@rollup/rollup-linux-s390x-gnu': [ '4.57.1' ],
17 silly audit   '@rollup/rollup-linux-x64-gnu': [ '4.57.1' ],
17 silly audit   '@rollup/rollup-linux-x64-musl': [ '4.57.1' ],
17 silly audit   '@rollup/rollup-openbsd-x64': [ '4.57.1' ],
17 silly audit   '@rollup/rollup-openharmony-arm64': [ '4.57.1' ],
17 silly audit   '@rollup/rollup-win32-arm64-msvc': [ '4.57.1' ],
17 silly audit   '@rollup/rollup-win32-ia32-msvc': [ '4.57.1' ],
17 silly audit   '@rollup/rollup-win32-x64-gnu': [ '4.57.1' ],
17 silly audit   '@rollup/rollup-win32-x64-msvc': [ '4.57.1' ],
17 silly audit   '@standard-schema/spec': [ '1.1.0' ],
17 silly audit   '@tailwindcss/node': [ '4.1.12' ],
17 silly audit   '@tailwindcss/oxide': [ '4.1.12' ],
17 silly audit   '@tailwindcss/oxide-android-arm64': [ '4.1.12' ],
17 silly audit   '@tailwindcss/oxide-darwin-arm64': [ '4.1.12' ],
17 silly audit   '@tailwindcss/oxide-darwin-x64': [ '4.1.12' ],
17 silly audit   '@tailwindcss/oxide-freebsd-x64': [ '4.1.12' ],
17 silly audit   '@tailwindcss/oxide-linux-arm-gnueabihf': [ '4.1.12' ],
17 silly audit   '@tailwindcss/oxide-linux-arm64-gnu': [ '4.1.12' ],
17 silly audit   '@tailwindcss/oxide-linux-arm64-musl': [ '4.1.12' ],
17 silly audit   '@tailwindcss/oxide-linux-x64-gnu': [ '4.1.12' ],
17 silly audit   '@tailwindcss/oxide-linux-x64-musl': [ '4.1.12' ],
17 silly audit   '@tailwindcss/oxide-wasm32-wasi': [ '4.1.12' ],
17 silly audit   '@tailwindcss/oxide-win32-arm64-msvc': [ '4.1.12' ],
17 silly audit   '@tailwindcss/oxide-win32-x64-msvc': [ '4.1.12' ],
17 silly audit   '@tailwindcss/vite': [ '4.1.12' ],
17 silly audit   '@types/babel__core': [ '7.20.5' ],
17 silly audit   '@types/babel__generator': [ '7.27.0' ],
17 silly audit   '@types/babel__template': [ '7.4.4' ],
17 silly audit   '@types/babel__traverse': [ '7.28.0' ],
17 silly audit   '@types/chai': [ '5.2.3' ],
17 silly audit   '@types/d3-array': [ '3.2.2' ],
17 silly audit   '@types/d3-color': [ '3.1.3' ],
17 silly audit   '@types/d3-ease': [ '3.0.2' ],
17 silly audit   '@types/d3-interpolate': [ '3.0.4' ],
17 silly audit   '@types/d3-path': [ '3.1.1' ],
17 silly audit   '@types/d3-scale': [ '4.0.9' ],
17 silly audit   '@types/d3-shape': [ '3.1.8' ],
17 silly audit   '@types/d3-time': [ '3.0.4' ],
17 silly audit   '@types/d3-timer': [ '3.0.2' ],
17 silly audit   '@types/deep-eql': [ '4.0.2' ],
17 silly audit   '@types/estree': [ '1.0.8' ],
17 silly audit   '@types/parse-json': [ '4.0.2' ],
17 silly audit   '@types/prop-types': [ '15.7.15' ],
17 silly audit   '@types/react': [ '18.3.28' ],
17 silly audit   '@types/react-dom': [ '18.3.7' ],
17 silly audit   '@types/react-transition-group': [ '4.4.12' ],
17 silly audit   '@typescript-eslint/eslint-plugin': [ '8.56.1' ],
17 silly audit   '@typescript-eslint/parser': [ '8.56.1' ],
17 silly audit   '@typescript-eslint/project-service': [ '8.56.1' ],
17 silly audit   '@typescript-eslint/scope-manager': [ '8.56.1' ],
17 silly audit   '@typescript-eslint/tsconfig-utils': [ '8.56.1' ],
17 silly audit   '@typescript-eslint/type-utils': [ '8.56.1' ],
17 silly audit   '@typescript-eslint/types': [ '8.56.1' ],
17 silly audit   '@typescript-eslint/typescript-estree': [ '8.56.1' ],
17 silly audit   semver: [ '7.7.4', '6.3.1' ],
17 silly audit   '@typescript-eslint/utils': [ '8.56.1' ],
17 silly audit   '@typescript-eslint/visitor-keys': [ '8.56.1' ],
17 silly audit   'eslint-visitor-keys': [ '5.0.1', '3.4.3' ],
17 silly audit   '@ungap/structured-clone': [ '1.3.0' ],
17 silly audit   '@vitejs/plugin-react': [ '4.7.0' ],
17 silly audit   '@vitest/expect': [ '4.0.18' ],
17 silly audit   '@vitest/pretty-format': [ '4.0.18' ],
17 silly audit   '@vitest/runner': [ '4.0.18' ],
17 silly audit   '@vitest/snapshot': [ '4.0.18' ],
17 silly audit   '@vitest/spy': [ '4.0.18' ],
17 silly audit   '@vitest/utils': [ '4.0.18' ],
17 silly audit   acorn: [ '8.16.0' ],
17 silly audit   'acorn-jsx': [ '5.3.2' ],
17 silly audit   ajv: [ '6.14.0' ],
17 silly audit   'ansi-regex': [ '5.0.1' ],
17 silly audit   'ansi-styles': [ '4.3.0' ],
17 silly audit   argparse: [ '2.0.1' ],
17 silly audit   'aria-hidden': [ '1.2.6' ],
17 silly audit   'array-buffer-byte-length': [ '1.0.2' ],
17 silly audit   'array-includes': [ '3.1.9' ],
17 silly audit   'array.prototype.findlast': [ '1.2.5' ],
17 silly audit   'array.prototype.flat': [ '1.3.3' ],
17 silly audit   'array.prototype.flatmap': [ '1.3.3' ],
17 silly audit   'array.prototype.tosorted': [ '1.1.4' ],
17 silly audit   'arraybuffer.prototype.slice': [ '1.0.4' ],
17 silly audit   'assertion-error': [ '2.0.1' ],
17 silly audit   'async-function': [ '1.0.0' ],
17 silly audit   'available-typed-arrays': [ '1.0.7' ],
17 silly audit   'babel-plugin-macros': [ '3.1.0' ],
17 silly audit   'baseline-browser-mapping': [ '2.9.19' ],
17 silly audit   browserslist: [ '4.28.1' ],
17 silly audit   'call-bind': [ '1.0.8' ],
17 silly audit   'call-bind-apply-helpers': [ '1.0.2' ],
17 silly audit   'call-bound': [ '1.0.4' ],
17 silly audit   callsites: [ '3.1.0' ],
17 silly audit   'caniuse-lite': [ '1.0.30001770' ],
17 silly audit   chai: [ '6.2.2' ],
17 silly audit   chalk: [ '4.1.2' ],
17 silly audit   chownr: [ '3.0.0' ],
17 silly audit   'class-variance-authority': [ '0.7.1' ],
17 silly audit   classnames: [ '2.5.1' ],
17 silly audit   clsx: [ '2.1.1' ],
17 silly audit   cmdk: [ '1.1.1' ],
17 silly audit   'color-convert': [ '2.0.1' ],
17 silly audit   'color-name': [ '1.1.4' ],
17 silly audit   'concat-map': [ '0.0.1' ],
17 silly audit   cookie: [ '1.1.1' ],
17 silly audit   cosmiconfig: [ '7.1.0' ],
17 silly audit   yaml: [ '1.10.2' ],
17 silly audit   'cross-spawn': [ '7.0.6' ],
17 silly audit   csstype: [ '3.2.3' ],
17 silly audit   'd3-array': [ '3.2.4' ],
17 silly audit   'd3-color': [ '3.1.0' ],
17 silly audit   'd3-ease': [ '3.0.1' ],
17 silly audit   'd3-format': [ '3.1.2' ],
17 silly audit   'd3-interpolate': [ '3.0.1' ],
17 silly audit   'd3-path': [ '3.1.0' ],
17 silly audit   'd3-scale': [ '4.0.2' ],
17 silly audit   'd3-shape': [ '3.2.0' ],
17 silly audit   'd3-time': [ '3.1.0' ],
17 silly audit   'd3-time-format': [ '4.1.0' ],
17 silly audit   'd3-timer': [ '3.0.1' ],
17 silly audit   'data-view-buffer': [ '1.0.2' ],
17 silly audit   'data-view-byte-length': [ '1.0.2' ],
17 silly audit   'data-view-byte-offset': [ '1.0.1' ],
17 silly audit   'date-fns': [ '3.6.0' ],
17 silly audit   debug: [ '4.4.3' ],
17 silly audit   'decimal.js-light': [ '2.5.1' ],
17 silly audit   'deep-is': [ '0.1.4' ],
17 silly audit   'define-data-property': [ '1.1.4' ],
17 silly audit   'define-properties': [ '1.2.1' ],
17 silly audit   'detect-libc': [ '2.1.2' ],
17 silly audit   'detect-node-es': [ '1.1.0' ],
17 silly audit   'dnd-core': [ '16.0.1' ],
17 silly audit   doctrine: [ '2.1.0', '3.0.0' ],
17 silly audit   'dom-helpers': [ '5.2.1' ],
17 silly audit   'dunder-proto': [ '1.0.1' ],
17 silly audit   'electron-to-chromium': [ '1.5.286' ],
17 silly audit   'embla-carousel': [ '8.6.0' ],
17 silly audit   'embla-carousel-react': [ '8.6.0' ],
17 silly audit   'embla-carousel-reactive-utils': [ '8.6.0' ],
17 silly audit   'enhanced-resolve': [ '5.19.0' ],
17 silly audit   'error-ex': [ '1.3.4' ],
17 silly audit   'es-abstract': [ '1.24.1' ],
17 silly audit   'es-define-property': [ '1.0.1' ],
17 silly audit   'es-errors': [ '1.3.0' ],
17 silly audit   'es-iterator-helpers': [ '1.2.2' ],
17 silly audit   'es-module-lexer': [ '1.7.0' ],
17 silly audit   'es-object-atoms': [ '1.1.1' ],
17 silly audit   'es-set-tostringtag': [ '2.1.0' ],
17 silly audit   'es-shim-unscopables': [ '1.1.0' ],
17 silly audit   'es-to-primitive': [ '1.3.0' ],
17 silly audit   esbuild: [ '0.25.12', '0.27.3' ],
17 silly audit   escalade: [ '3.2.0' ],
17 silly audit   'escape-string-regexp': [ '4.0.0' ],
17 silly audit   eslint: [ '8.57.1' ],
17 silly audit   'eslint-plugin-react': [ '7.37.5' ],
17 silly audit   'eslint-plugin-react-hooks': [ '7.0.1' ],
17 silly audit   resolve: [ '2.0.0-next.6', '1.22.11' ],
17 silly audit   'eslint-scope': [ '7.2.2' ],
17 silly audit   espree: [ '9.6.1' ],
17 silly audit   esquery: [ '1.7.0' ],
17 silly audit   esrecurse: [ '4.3.0' ],
17 silly audit   estraverse: [ '5.3.0' ],
17 silly audit   'estree-walker': [ '3.0.3' ],
17 silly audit   esutils: [ '2.0.3' ],
17 silly audit   eventemitter3: [ '4.0.7' ],
17 silly audit   'expect-type': [ '1.3.0' ],
17 silly audit   'fast-deep-equal': [ '3.1.3' ],
17 silly audit   'fast-equals': [ '5.4.0' ],
17 silly audit   'fast-json-stable-stringify': [ '2.1.0' ],
17 silly audit   'fast-levenshtein': [ '2.0.6' ],
17 silly audit   fastq: [ '1.20.1' ],
17 silly audit   fdir: [ '6.5.0' ],
17 silly audit   'file-entry-cache': [ '6.0.1' ],
17 silly audit   'find-root': [ '1.1.0' ],
17 silly audit   'find-up': [ '5.0.0' ],
17 silly audit   'flat-cache': [ '3.2.0' ],
17 silly audit   flatted: [ '3.3.3' ],
17 silly audit   'for-each': [ '0.3.5' ],
17 silly audit   'framer-motion': [ '12.34.3' ],
17 silly audit   'fs.realpath': [ '1.0.0' ],
17 silly audit   fsevents: [ '2.3.3' ],
17 silly audit   'function-bind': [ '1.1.2' ],
17 silly audit   'function.prototype.name': [ '1.1.8' ],
17 silly audit   'functions-have-names': [ '1.2.3' ],
17 silly audit   'generator-function': [ '2.0.1' ],
17 silly audit   gensync: [ '1.0.0-beta.2' ],
17 silly audit   'get-intrinsic': [ '1.3.0' ],
17 silly audit   'get-nonce': [ '1.0.1' ],
17 silly audit   'get-proto': [ '1.0.1' ],
17 silly audit   'get-symbol-description': [ '1.1.0' ],
17 silly audit   glob: [ '7.2.3' ],
17 silly audit   'glob-parent': [ '6.0.2' ],
17 silly audit   globals: [ '13.24.0' ],
17 silly audit   globalthis: [ '1.0.4' ],
17 silly audit   gopd: [ '1.2.0' ],
17 silly audit   'graceful-fs': [ '4.2.11' ],
17 silly audit   graphemer: [ '1.4.0' ],
17 silly audit   'has-bigints': [ '1.1.0' ],
17 silly audit   'has-flag': [ '4.0.0' ],
17 silly audit   'has-property-descriptors': [ '1.0.2' ],
17 silly audit   'has-proto': [ '1.2.0' ],
17 silly audit   'has-symbols': [ '1.1.0' ],
17 silly audit   'has-tostringtag': [ '1.0.2' ],
17 silly audit   hasown: [ '2.0.2' ],
17 silly audit   'hermes-estree': [ '0.25.1' ],
17 silly audit   'hermes-parser': [ '0.25.1' ],
17 silly audit   'hoist-non-react-statics': [ '3.3.2' ],
17 silly audit   'react-is': [ '16.13.1', '19.2.4', '18.3.1' ],
17 silly audit   'import-fresh': [ '3.3.1' ],
17 silly audit   imurmurhash: [ '0.1.4' ],
17 silly audit   inflight: [ '1.0.6' ],
17 silly audit   inherits: [ '2.0.4' ],
17 silly audit   'input-otp': [ '1.4.2' ],
17 silly audit   'internal-slot': [ '1.1.0' ],
17 silly audit   internmap: [ '2.0.3' ],
17 silly audit   'is-array-buffer': [ '3.0.5' ],
17 silly audit   'is-arrayish': [ '0.2.1' ],
17 silly audit   'is-async-function': [ '2.1.1' ],
17 silly audit   'is-bigint': [ '1.1.0' ],
17 silly audit   'is-boolean-object': [ '1.2.2' ],
17 silly audit   'is-callable': [ '1.2.7' ],
17 silly audit   'is-core-module': [ '2.16.1' ],
17 silly audit   'is-data-view': [ '1.0.2' ],
17 silly audit   'is-date-object': [ '1.1.0' ],
17 silly audit   'is-extglob': [ '2.1.1' ],
17 silly audit   'is-finalizationregistry': [ '1.1.1' ],
17 silly audit   'is-generator-function': [ '1.1.2' ],
17 silly audit   'is-glob': [ '4.0.3' ],
17 silly audit   'is-map': [ '2.0.3' ],
17 silly audit   'is-negative-zero': [ '2.0.3' ],
17 silly audit   'is-number-object': [ '1.1.1' ],
17 silly audit   'is-path-inside': [ '3.0.3' ],
17 silly audit   'is-regex': [ '1.2.1' ],
17 silly audit   'is-set': [ '2.0.3' ],
17 silly audit   'is-shared-array-buffer': [ '1.0.4' ],
17 silly audit   'is-string': [ '1.1.1' ],
17 silly audit   'is-symbol': [ '1.1.1' ],
17 silly audit   'is-typed-array': [ '1.1.15' ],
17 silly audit   'is-weakmap': [ '2.0.2' ],
17 silly audit   'is-weakref': [ '1.1.1' ],
17 silly audit   'is-weakset': [ '2.0.4' ],
17 silly audit   isarray: [ '2.0.5' ],
17 silly audit   isexe: [ '2.0.0' ],
17 silly audit   'iterator.prototype': [ '1.1.5' ],
17 silly audit   jiti: [ '2.6.1' ],
17 silly audit   'js-tokens': [ '4.0.0' ],
17 silly audit   'js-yaml': [ '4.1.1' ],
17 silly audit   jsesc: [ '3.1.0' ],
17 silly audit   'json-buffer': [ '3.0.1' ],
17 silly audit   'json-parse-even-better-errors': [ '2.3.1' ],
17 silly audit   'json-schema-traverse': [ '0.4.1' ],
17 silly audit   'json-stable-stringify-without-jsonify': [ '1.0.1' ],
17 silly audit   json2mq: [ '0.2.0' ],
17 silly audit   json5: [ '2.2.3' ],
17 silly audit   'jsx-ast-utils': [ '3.3.5' ],
17 silly audit   keyv: [ '4.5.4' ],
17 silly audit   levn: [ '0.4.1' ],
17 silly audit   lightningcss: [ '1.30.1' ],
17 silly audit   'lightningcss-darwin-arm64': [ '1.30.1' ],
17 silly audit   'lightningcss-darwin-x64': [ '1.30.1' ],
17 silly audit   'lightningcss-freebsd-x64': [ '1.30.1' ],
17 silly audit   'lightningcss-linux-arm-gnueabihf': [ '1.30.1' ],
17 silly audit   'lightningcss-linux-arm64-gnu': [ '1.30.1' ],
17 silly audit   'lightningcss-linux-arm64-musl': [ '1.30.1' ],
17 silly audit   'lightningcss-linux-x64-gnu': [ '1.30.1' ],
17 silly audit   'lightningcss-linux-x64-musl': [ '1.30.1' ],
17 silly audit   'lightningcss-win32-arm64-msvc': [ '1.30.1' ],
17 silly audit   'lightningcss-win32-x64-msvc': [ '1.30.1' ],
17 silly audit   'lines-and-columns': [ '1.2.4' ],
17 silly audit   'locate-path': [ '6.0.0' ],
17 silly audit   lodash: [ '4.17.23' ],
17 silly audit   'lodash.debounce': [ '4.0.8' ],
17 silly audit   'lodash.merge': [ '4.6.2' ],
17 silly audit   'loose-envify': [ '1.4.0' ],
17 silly audit   'lru-cache': [ '5.1.1' ],
17 silly audit   'lucide-react': [ '0.487.0' ],
17 silly audit   'magic-string': [ '0.30.21' ],
17 silly audit   'math-intrinsics': [ '1.1.0' ],
17 silly audit   minipass: [ '7.1.3' ],
17 silly audit   minizlib: [ '3.1.0' ],
17 silly audit   motion: [ '12.23.24' ],
17 silly audit   'motion-dom': [ '12.34.3' ],
17 silly audit   'motion-utils': [ '12.29.2' ],
17 silly audit   ms: [ '2.1.3' ],
17 silly audit   nanoid: [ '3.3.11' ],
17 silly audit   'natural-compare': [ '1.4.0' ],
17 silly audit   'next-themes': [ '0.4.6' ],
17 silly audit   'node-exports-info': [ '1.6.0' ],
17 silly audit   'node-releases': [ '2.0.27' ],
17 silly audit   'object-assign': [ '4.1.1' ],
17 silly audit   'object-inspect': [ '1.13.4' ],
17 silly audit   'object-keys': [ '1.1.1' ],
17 silly audit   'object.assign': [ '4.1.7' ],
17 silly audit   'object.entries': [ '1.1.9' ],
17 silly audit   'object.fromentries': [ '2.0.8' ],
17 silly audit   'object.values': [ '1.2.1' ],
17 silly audit   obug: [ '2.1.1' ],
17 silly audit   once: [ '1.4.0' ],
17 silly audit   optionator: [ '0.9.4' ],
17 silly audit   'own-keys': [ '1.0.1' ],
17 silly audit   'p-limit': [ '3.1.0' ],
17 silly audit   'p-locate': [ '5.0.0' ],
17 silly audit   'parent-module': [ '1.0.1' ],
17 silly audit   'parse-json': [ '5.2.0' ],
17 silly audit   'path-exists': [ '4.0.0' ],
17 silly audit   'path-is-absolute': [ '1.0.1' ],
17 silly audit   'path-key': [ '3.1.1' ],
17 silly audit   'path-parse': [ '1.0.7' ],
17 silly audit   'path-type': [ '4.0.0' ],
17 silly audit   pathe: [ '2.0.3' ],
17 silly audit   picocolors: [ '1.1.1' ],
17 silly audit   picomatch: [ '4.0.3' ],
17 silly audit   'possible-typed-array-names': [ '1.1.0' ],
17 silly audit   postcss: [ '8.5.6' ],
17 silly audit   'prelude-ls': [ '1.2.1' ],
17 silly audit   prettier: [ '3.8.1' ],
17 silly audit   'prop-types': [ '15.8.1' ],
17 silly audit   punycode: [ '2.3.1' ],
17 silly audit   'queue-microtask': [ '1.2.3' ],
17 silly audit   react: [ '18.3.1' ],
17 silly audit   'react-day-picker': [ '8.10.1' ],
17 silly audit   'react-dnd': [ '16.0.1' ],
17 silly audit   'react-dnd-html5-backend': [ '16.0.1' ],
17 silly audit   'react-dom': [ '18.3.1' ],
17 silly audit   'react-fast-compare': [ '3.2.2' ],
17 silly audit   'react-hook-form': [ '7.55.0' ],
17 silly audit   'react-icons': [ '5.5.0' ],
17 silly audit   'react-popper': [ '2.3.0' ],
17 silly audit   'react-refresh': [ '0.17.0' ],
17 silly audit   'react-remove-scroll': [ '2.7.2' ],
17 silly audit   'react-remove-scroll-bar': [ '2.3.8' ],
17 silly audit   'react-resizable-panels': [ '2.1.7' ],
17 silly audit   'react-responsive-masonry': [ '2.7.1' ],
17 silly audit   'react-router': [ '7.13.0' ],
17 silly audit   'react-router-dom': [ '7.13.0' ],
17 silly audit   'react-slick': [ '0.31.0' ],
17 silly audit   'react-smooth': [ '4.0.4' ],
17 silly audit   'react-style-singleton': [ '2.2.3' ],
17 silly audit   'react-transition-group': [ '4.4.5' ],
17 silly audit   recharts: [ '2.15.2' ],
17 silly audit   'recharts-scale': [ '0.4.5' ],
17 silly audit   redux: [ '4.2.1' ],
17 silly audit   'reflect.getprototypeof': [ '1.0.10' ],
17 silly audit   'regexp.prototype.flags': [ '1.5.4' ],
17 silly audit   'resize-observer-polyfill': [ '1.5.1' ],
17 silly audit   'resolve-from': [ '4.0.0' ],
17 silly audit   reusify: [ '1.1.0' ],
17 silly audit   rimraf: [ '3.0.2' ],
17 silly audit   rollup: [ '4.57.1' ],
17 silly audit   'run-parallel': [ '1.2.0' ],
17 silly audit   'safe-array-concat': [ '1.1.3' ],
17 silly audit   'safe-push-apply': [ '1.0.0' ],
17 silly audit   'safe-regex-test': [ '1.1.0' ],
17 silly audit   scheduler: [ '0.23.2' ],
17 silly audit   'set-cookie-parser': [ '2.7.2' ],
17 silly audit   'set-function-length': [ '1.2.2' ],
17 silly audit   'set-function-name': [ '2.0.2' ],
17 silly audit   'set-proto': [ '1.0.0' ],
17 silly audit   'shebang-command': [ '2.0.0' ],
17 silly audit   'shebang-regex': [ '3.0.0' ],
17 silly audit   'side-channel': [ '1.1.0' ],
17 silly audit   'side-channel-list': [ '1.0.0' ],
17 silly audit   'side-channel-map': [ '1.0.1' ],
17 silly audit   'side-channel-weakmap': [ '1.0.2' ],
17 silly audit   siginfo: [ '2.0.0' ],
17 silly audit   sonner: [ '2.0.3' ],
17 silly audit   'source-map': [ '0.5.7' ],
17 silly audit   'source-map-js': [ '1.2.1' ],
17 silly audit   stackback: [ '0.0.2' ],
17 silly audit   'std-env': [ '3.10.0' ],
17 silly audit   'stop-iteration-iterator': [ '1.1.0' ],
17 silly audit   'string-convert': [ '0.2.1' ],
17 silly audit   'string.prototype.matchall': [ '4.0.12' ],
17 silly audit   'string.prototype.repeat': [ '1.0.0' ],
17 silly audit   'string.prototype.trim': [ '1.2.10' ],
17 silly audit   'string.prototype.trimend': [ '1.0.9' ],
17 silly audit   'string.prototype.trimstart': [ '1.0.8' ],
17 silly audit   'strip-ansi': [ '6.0.1' ],
17 silly audit   'strip-json-comments': [ '3.1.1' ],
17 silly audit   stylis: [ '4.2.0' ],
17 silly audit   'supports-color': [ '7.2.0' ],
17 silly audit   'supports-preserve-symlinks-flag': [ '1.0.0' ],
17 silly audit   'tailwind-merge': [ '3.2.0' ],
17 silly audit   tailwindcss: [ '4.1.12' ],
17 silly audit   tapable: [ '2.3.0' ],
17 silly audit   tar: [ '7.5.9' ],
17 silly audit   yallist: [ '5.0.0', '3.1.1' ],
17 silly audit   'text-table': [ '0.2.0' ],
17 silly audit   'tiny-invariant': [ '1.3.3' ],
17 silly audit   tinybench: [ '2.9.0' ],
17 silly audit   tinyexec: [ '1.0.2' ],
17 silly audit   tinyglobby: [ '0.2.15' ],
17 silly audit   tinyrainbow: [ '3.0.3' ],
17 silly audit   'ts-api-utils': [ '2.4.0' ],
17 silly audit   tslib: [ '2.8.1' ],
17 silly audit   'tw-animate-css': [ '1.3.8' ],
17 silly audit   'type-check': [ '0.4.0' ],
17 silly audit   'type-fest': [ '0.20.2' ],
17 silly audit   'typed-array-buffer': [ '1.0.3' ],
17 silly audit   'typed-array-byte-length': [ '1.0.3' ],
17 silly audit   'typed-array-byte-offset': [ '1.0.4' ],
17 silly audit   'typed-array-length': [ '1.0.7' ],
17 silly audit   typescript: [ '5.9.3' ],
17 silly audit   'unbox-primitive': [ '1.1.0' ],
17 silly audit   'update-browserslist-db': [ '1.2.3' ],
17 silly audit   'uri-js': [ '4.4.1' ],
17 silly audit   'use-callback-ref': [ '1.3.3' ],
17 silly audit   'use-sidecar': [ '1.1.3' ],
17 silly audit   vaul: [ '1.1.2' ],
17 silly audit   'victory-vendor': [ '36.9.2' ],
17 silly audit   vite: [ '6.3.5', '7.3.1' ],
17 silly audit   vitest: [ '4.0.18' ],
17 silly audit   '@vitest/mocker': [ '4.0.18' ],
17 silly audit   warning: [ '4.0.3' ],
17 silly audit   which: [ '2.0.2' ],
17 silly audit   'which-boxed-primitive': [ '1.1.1' ],
17 silly audit   'which-builtin-type': [ '1.2.1' ],
17 silly audit   'which-collection': [ '1.0.2' ],
17 silly audit   'which-typed-array': [ '1.1.20' ],
17 silly audit   'why-is-node-running': [ '2.3.0' ],
17 silly audit   'word-wrap': [ '1.2.5' ],
17 silly audit   wrappy: [ '1.0.2' ],
17 silly audit   'yocto-queue': [ '0.1.0' ],
17 silly audit   zod: [ '4.3.6' ],
17 silly audit   'zod-validation-error': [ '4.0.2' ]
17 silly audit }
18 http cache yocto-queue@https://registry.npmjs.org/yocto-queue/-/yocto-queue-0.1.0.tgz 0ms (cache hit)
19 http cache zod@https://registry.npmjs.org/zod/-/zod-4.3.6.tgz 0ms (cache hit)
20 http cache zod-validation-error@https://registry.npmjs.org/zod-validation-error/-/zod-validation-error-4.0.2.tgz 0ms (cache hit)
21 http cache wrappy@https://registry.npmjs.org/wrappy/-/wrappy-1.0.2.tgz 0ms (cache hit)
22 http cache word-wrap@https://registry.npmjs.org/word-wrap/-/word-wrap-1.2.5.tgz 0ms (cache hit)
23 http cache yallist@https://registry.npmjs.org/yallist/-/yallist-3.1.1.tgz 0ms (cache hit)
24 http cache which-typed-array@https://registry.npmjs.org/which-typed-array/-/which-typed-array-1.1.20.tgz 0ms (cache hit)
25 http cache why-is-node-running@https://registry.npmjs.org/why-is-node-running/-/why-is-node-running-2.3.0.tgz 0ms (cache hit)
26 http cache which-collection@https://registry.npmjs.org/which-collection/-/which-collection-1.0.2.tgz 0ms (cache hit)
27 http cache which-builtin-type@https://registry.npmjs.org/which-builtin-type/-/which-builtin-type-1.2.1.tgz 0ms (cache hit)
28 http cache which-boxed-primitive@https://registry.npmjs.org/which-boxed-primitive/-/which-boxed-primitive-1.1.1.tgz 0ms (cache hit)
29 http cache which@https://registry.npmjs.org/which/-/which-2.0.2.tgz 0ms (cache hit)
30 http cache warning@https://registry.npmjs.org/warning/-/warning-4.0.3.tgz 0ms (cache hit)
31 http cache vitest@https://registry.npmjs.org/vitest/-/vitest-4.0.18.tgz 0ms (cache hit)
32 http cache vite@https://registry.npmjs.org/vite/-/vite-6.3.5.tgz 0ms (cache hit)
33 http cache vaul@https://registry.npmjs.org/vaul/-/vaul-1.1.2.tgz 0ms (cache hit)
34 http cache victory-vendor@https://registry.npmjs.org/victory-vendor/-/victory-vendor-36.9.2.tgz 0ms (cache hit)
35 http cache use-callback-ref@https://registry.npmjs.org/use-callback-ref/-/use-callback-ref-1.3.3.tgz 0ms (cache hit)
36 http cache use-sidecar@https://registry.npmjs.org/use-sidecar/-/use-sidecar-1.1.3.tgz 0ms (cache hit)
37 http cache uri-js@https://registry.npmjs.org/uri-js/-/uri-js-4.4.1.tgz 0ms (cache hit)
38 http cache update-browserslist-db@https://registry.npmjs.org/update-browserslist-db/-/update-browserslist-db-1.2.3.tgz 0ms (cache hit)
39 http cache unbox-primitive@https://registry.npmjs.org/unbox-primitive/-/unbox-primitive-1.1.0.tgz 0ms (cache hit)
40 http cache typescript@https://registry.npmjs.org/typescript/-/typescript-5.9.3.tgz 0ms (cache hit)
41 http cache typed-array-length@https://registry.npmjs.org/typed-array-length/-/typed-array-length-1.0.7.tgz 0ms (cache hit)
42 http cache typed-array-byte-offset@https://registry.npmjs.org/typed-array-byte-offset/-/typed-array-byte-offset-1.0.4.tgz 0ms (cache hit)
43 http cache typed-array-byte-length@https://registry.npmjs.org/typed-array-byte-length/-/typed-array-byte-length-1.0.3.tgz 0ms (cache hit)
44 http cache typed-array-buffer@https://registry.npmjs.org/typed-array-buffer/-/typed-array-buffer-1.0.3.tgz 0ms (cache hit)
45 http cache type-fest@https://registry.npmjs.org/type-fest/-/type-fest-0.20.2.tgz 0ms (cache hit)
46 http cache tw-animate-css@https://registry.npmjs.org/tw-animate-css/-/tw-animate-css-1.3.8.tgz 0ms (cache hit)
47 http cache type-check@https://registry.npmjs.org/type-check/-/type-check-0.4.0.tgz 0ms (cache hit)
48 http cache tslib@https://registry.npmjs.org/tslib/-/tslib-2.8.1.tgz 0ms (cache hit)
49 http cache ts-api-utils@https://registry.npmjs.org/ts-api-utils/-/ts-api-utils-2.4.0.tgz 0ms (cache hit)
50 http cache tinyrainbow@https://registry.npmjs.org/tinyrainbow/-/tinyrainbow-3.0.3.tgz 0ms (cache hit)
51 http cache tinyglobby@https://registry.npmjs.org/tinyglobby/-/tinyglobby-0.2.15.tgz 0ms (cache hit)
52 http cache tinyexec@https://registry.npmjs.org/tinyexec/-/tinyexec-1.0.2.tgz 0ms (cache hit)
53 http cache tinybench@https://registry.npmjs.org/tinybench/-/tinybench-2.9.0.tgz 0ms (cache hit)
54 http cache tiny-invariant@https://registry.npmjs.org/tiny-invariant/-/tiny-invariant-1.3.3.tgz 0ms (cache hit)
55 http cache text-table@https://registry.npmjs.org/text-table/-/text-table-0.2.0.tgz 0ms (cache hit)
56 http cache tar@https://registry.npmjs.org/tar/-/tar-7.5.9.tgz 0ms (cache hit)
57 http cache tapable@https://registry.npmjs.org/tapable/-/tapable-2.3.0.tgz 0ms (cache hit)
58 http cache tailwindcss@https://registry.npmjs.org/tailwindcss/-/tailwindcss-4.1.12.tgz 0ms (cache hit)
59 http cache tailwind-merge@https://registry.npmjs.org/tailwind-merge/-/tailwind-merge-3.2.0.tgz 0ms (cache hit)
60 http cache supports-preserve-symlinks-flag@https://registry.npmjs.org/supports-preserve-symlinks-flag/-/supports-preserve-symlinks-flag-1.0.0.tgz 0ms (cache hit)
61 http cache stylis@https://registry.npmjs.org/stylis/-/stylis-4.2.0.tgz 0ms (cache hit)
62 http cache strip-json-comments@https://registry.npmjs.org/strip-json-comments/-/strip-json-comments-3.1.1.tgz 0ms (cache hit)
63 http cache supports-color@https://registry.npmjs.org/supports-color/-/supports-color-7.2.0.tgz 0ms (cache hit)
64 http cache strip-ansi@https://registry.npmjs.org/strip-ansi/-/strip-ansi-6.0.1.tgz 0ms (cache hit)
65 http cache string.prototype.trimstart@https://registry.npmjs.org/string.prototype.trimstart/-/string.prototype.trimstart-1.0.8.tgz 0ms (cache hit)
66 http cache string.prototype.trim@https://registry.npmjs.org/string.prototype.trim/-/string.prototype.trim-1.2.10.tgz 0ms (cache hit)
67 http cache string.prototype.repeat@https://registry.npmjs.org/string.prototype.repeat/-/string.prototype.repeat-1.0.0.tgz 0ms (cache hit)
68 http cache string.prototype.matchall@https://registry.npmjs.org/string.prototype.matchall/-/string.prototype.matchall-4.0.12.tgz 0ms (cache hit)
69 http cache string.prototype.trimend@https://registry.npmjs.org/string.prototype.trimend/-/string.prototype.trimend-1.0.9.tgz 0ms (cache hit)
70 http cache string-convert@https://registry.npmjs.org/string-convert/-/string-convert-0.2.1.tgz 0ms (cache hit)
71 http cache stop-iteration-iterator@https://registry.npmjs.org/stop-iteration-iterator/-/stop-iteration-iterator-1.1.0.tgz 0ms (cache hit)
72 http cache stackback@https://registry.npmjs.org/stackback/-/stackback-0.0.2.tgz 0ms (cache hit)
73 http cache std-env@https://registry.npmjs.org/std-env/-/std-env-3.10.0.tgz 0ms (cache hit)
74 http cache source-map-js@https://registry.npmjs.org/source-map-js/-/source-map-js-1.2.1.tgz 0ms (cache hit)
75 http cache source-map@https://registry.npmjs.org/source-map/-/source-map-0.5.7.tgz 0ms (cache hit)
76 http cache siginfo@https://registry.npmjs.org/siginfo/-/siginfo-2.0.0.tgz 0ms (cache hit)
77 http cache sonner@https://registry.npmjs.org/sonner/-/sonner-2.0.3.tgz 0ms (cache hit)
78 http cache side-channel-map@https://registry.npmjs.org/side-channel-map/-/side-channel-map-1.0.1.tgz 0ms (cache hit)
79 http cache side-channel-weakmap@https://registry.npmjs.org/side-channel-weakmap/-/side-channel-weakmap-1.0.2.tgz 0ms (cache hit)
80 http cache side-channel-list@https://registry.npmjs.org/side-channel-list/-/side-channel-list-1.0.0.tgz 0ms (cache hit)
81 http cache shebang-regex@https://registry.npmjs.org/shebang-regex/-/shebang-regex-3.0.0.tgz 0ms (cache hit)
82 http cache set-proto@https://registry.npmjs.org/set-proto/-/set-proto-1.0.0.tgz 0ms (cache hit)
83 http cache shebang-command@https://registry.npmjs.org/shebang-command/-/shebang-command-2.0.0.tgz 0ms (cache hit)
84 http cache set-function-name@https://registry.npmjs.org/set-function-name/-/set-function-name-2.0.2.tgz 0ms (cache hit)
85 http cache set-cookie-parser@https://registry.npmjs.org/set-cookie-parser/-/set-cookie-parser-2.7.2.tgz 0ms (cache hit)
86 http cache semver@https://registry.npmjs.org/semver/-/semver-6.3.1.tgz 0ms (cache hit)
87 http cache set-function-length@https://registry.npmjs.org/set-function-length/-/set-function-length-1.2.2.tgz 0ms (cache hit)
88 http cache scheduler@https://registry.npmjs.org/scheduler/-/scheduler-0.23.2.tgz 0ms (cache hit)
89 http cache side-channel@https://registry.npmjs.org/side-channel/-/side-channel-1.1.0.tgz 0ms (cache hit)
90 http cache safe-push-apply@https://registry.npmjs.org/safe-push-apply/-/safe-push-apply-1.0.0.tgz 0ms (cache hit)
91 http cache safe-array-concat@https://registry.npmjs.org/safe-array-concat/-/safe-array-concat-1.1.3.tgz 0ms (cache hit)
92 http cache rollup@https://registry.npmjs.org/rollup/-/rollup-4.57.1.tgz 0ms (cache hit)
93 http cache rimraf@https://registry.npmjs.org/rimraf/-/rimraf-3.0.2.tgz 0ms (cache hit)
94 http cache reusify@https://registry.npmjs.org/reusify/-/reusify-1.1.0.tgz 0ms (cache hit)
95 http cache resolve-from@https://registry.npmjs.org/resolve-from/-/resolve-from-4.0.0.tgz 0ms (cache hit)
96 http cache resize-observer-polyfill@https://registry.npmjs.org/resize-observer-polyfill/-/resize-observer-polyfill-1.5.1.tgz 1ms (cache hit)
97 http cache resolve@https://registry.npmjs.org/resolve/-/resolve-1.22.11.tgz 0ms (cache hit)
98 http cache reflect.getprototypeof@https://registry.npmjs.org/reflect.getprototypeof/-/reflect.getprototypeof-1.0.10.tgz 0ms (cache hit)
99 http cache redux@https://registry.npmjs.org/redux/-/redux-4.2.1.tgz 0ms (cache hit)
100 http cache regexp.prototype.flags@https://registry.npmjs.org/regexp.prototype.flags/-/regexp.prototype.flags-1.5.4.tgz 0ms (cache hit)
101 http cache run-parallel@https://registry.npmjs.org/run-parallel/-/run-parallel-1.2.0.tgz 0ms (cache hit)
102 http cache recharts@https://registry.npmjs.org/recharts/-/recharts-2.15.2.tgz 0ms (cache hit)
103 http cache recharts-scale@https://registry.npmjs.org/recharts-scale/-/recharts-scale-0.4.5.tgz 0ms (cache hit)
104 http cache react-transition-group@https://registry.npmjs.org/react-transition-group/-/react-transition-group-4.4.5.tgz 0ms (cache hit)
105 http cache react-style-singleton@https://registry.npmjs.org/react-style-singleton/-/react-style-singleton-2.2.3.tgz 0ms (cache hit)
106 http cache react-smooth@https://registry.npmjs.org/react-smooth/-/react-smooth-4.0.4.tgz 0ms (cache hit)
107 http cache react-slick@https://registry.npmjs.org/react-slick/-/react-slick-0.31.0.tgz 0ms (cache hit)
108 http cache react-responsive-masonry@https://registry.npmjs.org/react-responsive-masonry/-/react-responsive-masonry-2.7.1.tgz 0ms (cache hit)
109 http cache react-router-dom@https://registry.npmjs.org/react-router-dom/-/react-router-dom-7.13.0.tgz 0ms (cache hit)
110 http cache react-router@https://registry.npmjs.org/react-router/-/react-router-7.13.0.tgz 0ms (cache hit)
111 http cache react-resizable-panels@https://registry.npmjs.org/react-resizable-panels/-/react-resizable-panels-2.1.7.tgz 0ms (cache hit)
112 http cache react-remove-scroll@https://registry.npmjs.org/react-remove-scroll/-/react-remove-scroll-2.7.2.tgz 0ms (cache hit)
113 http cache react-remove-scroll-bar@https://registry.npmjs.org/react-remove-scroll-bar/-/react-remove-scroll-bar-2.3.8.tgz 0ms (cache hit)
114 http cache react-refresh@https://registry.npmjs.org/react-refresh/-/react-refresh-0.17.0.tgz 0ms (cache hit)
115 http cache react-popper@https://registry.npmjs.org/react-popper/-/react-popper-2.3.0.tgz 0ms (cache hit)
116 http cache react-is@https://registry.npmjs.org/react-is/-/react-is-19.2.4.tgz 0ms (cache hit)
117 http cache react-icons@https://registry.npmjs.org/react-icons/-/react-icons-5.5.0.tgz 0ms (cache hit)
118 http cache react-hook-form@https://registry.npmjs.org/react-hook-form/-/react-hook-form-7.55.0.tgz 0ms (cache hit)
119 http cache react-fast-compare@https://registry.npmjs.org/react-fast-compare/-/react-fast-compare-3.2.2.tgz 0ms (cache hit)
120 http cache react-dom@https://registry.npmjs.org/react-dom/-/react-dom-18.3.1.tgz 0ms (cache hit)
121 http cache react-dnd-html5-backend@https://registry.npmjs.org/react-dnd-html5-backend/-/react-dnd-html5-backend-16.0.1.tgz 0ms (cache hit)
122 http cache react-day-picker@https://registry.npmjs.org/react-day-picker/-/react-day-picker-8.10.1.tgz 0ms (cache hit)
123 http cache react-dnd@https://registry.npmjs.org/react-dnd/-/react-dnd-16.0.1.tgz 0ms (cache hit)
124 http cache queue-microtask@https://registry.npmjs.org/queue-microtask/-/queue-microtask-1.2.3.tgz 0ms (cache hit)
125 http cache react@https://registry.npmjs.org/react/-/react-18.3.1.tgz 0ms (cache hit)
126 http cache punycode@https://registry.npmjs.org/punycode/-/punycode-2.3.1.tgz 0ms (cache hit)
127 http cache prettier@https://registry.npmjs.org/prettier/-/prettier-3.8.1.tgz 0ms (cache hit)
128 http cache prop-types@https://registry.npmjs.org/prop-types/-/prop-types-15.8.1.tgz 0ms (cache hit)
129 http cache prelude-ls@https://registry.npmjs.org/prelude-ls/-/prelude-ls-1.2.1.tgz 0ms (cache hit)
130 http cache postcss@https://registry.npmjs.org/postcss/-/postcss-8.5.6.tgz 0ms (cache hit)
131 http cache picomatch@https://registry.npmjs.org/picomatch/-/picomatch-4.0.3.tgz 0ms (cache hit)
132 http cache possible-typed-array-names@https://registry.npmjs.org/possible-typed-array-names/-/possible-typed-array-names-1.1.0.tgz 0ms (cache hit)
133 http cache picocolors@https://registry.npmjs.org/picocolors/-/picocolors-1.1.1.tgz 0ms (cache hit)
134 http cache pathe@https://registry.npmjs.org/pathe/-/pathe-2.0.3.tgz 0ms (cache hit)
135 http cache path-parse@https://registry.npmjs.org/path-parse/-/path-parse-1.0.7.tgz 0ms (cache hit)
136 http cache path-key@https://registry.npmjs.org/path-key/-/path-key-3.1.1.tgz 0ms (cache hit)
137 http cache path-type@https://registry.npmjs.org/path-type/-/path-type-4.0.0.tgz 0ms (cache hit)
138 http cache path-is-absolute@https://registry.npmjs.org/path-is-absolute/-/path-is-absolute-1.0.1.tgz 0ms (cache hit)
139 http cache path-exists@https://registry.npmjs.org/path-exists/-/path-exists-4.0.0.tgz 0ms (cache hit)
140 http cache parse-json@https://registry.npmjs.org/parse-json/-/parse-json-5.2.0.tgz 0ms (cache hit)
141 http cache parent-module@https://registry.npmjs.org/parent-module/-/parent-module-1.0.1.tgz 0ms (cache hit)
142 http cache p-locate@https://registry.npmjs.org/p-locate/-/p-locate-5.0.0.tgz 0ms (cache hit)
143 http cache p-limit@https://registry.npmjs.org/p-limit/-/p-limit-3.1.0.tgz 0ms (cache hit)
144 http cache once@https://registry.npmjs.org/once/-/once-1.4.0.tgz 0ms (cache hit)
145 http cache obug@https://registry.npmjs.org/obug/-/obug-2.1.1.tgz 0ms (cache hit)
146 http cache optionator@https://registry.npmjs.org/optionator/-/optionator-0.9.4.tgz 0ms (cache hit)
147 http cache object.values@https://registry.npmjs.org/object.values/-/object.values-1.2.1.tgz 0ms (cache hit)
148 http cache object.fromentries@https://registry.npmjs.org/object.fromentries/-/object.fromentries-2.0.8.tgz 0ms (cache hit)
149 http cache object.entries@https://registry.npmjs.org/object.entries/-/object.entries-1.1.9.tgz 0ms (cache hit)
150 http cache own-keys@https://registry.npmjs.org/own-keys/-/own-keys-1.0.1.tgz 0ms (cache hit)
151 http cache object.assign@https://registry.npmjs.org/object.assign/-/object.assign-4.1.7.tgz 0ms (cache hit)
152 http cache object-keys@https://registry.npmjs.org/object-keys/-/object-keys-1.1.1.tgz 0ms (cache hit)
153 http cache object-inspect@https://registry.npmjs.org/object-inspect/-/object-inspect-1.13.4.tgz 0ms (cache hit)
154 http cache object-assign@https://registry.npmjs.org/object-assign/-/object-assign-4.1.1.tgz 0ms (cache hit)
155 http cache node-releases@https://registry.npmjs.org/node-releases/-/node-releases-2.0.27.tgz 0ms (cache hit)
156 http cache node-exports-info@https://registry.npmjs.org/node-exports-info/-/node-exports-info-1.6.0.tgz 0ms (cache hit)
157 http cache next-themes@https://registry.npmjs.org/next-themes/-/next-themes-0.4.6.tgz 0ms (cache hit)
158 http cache natural-compare@https://registry.npmjs.org/natural-compare/-/natural-compare-1.4.0.tgz 0ms (cache hit)
159 http cache nanoid@https://registry.npmjs.org/nanoid/-/nanoid-3.3.11.tgz 0ms (cache hit)
160 http cache motion-utils@https://registry.npmjs.org/motion-utils/-/motion-utils-12.29.2.tgz 0ms (cache hit)
161 http cache ms@https://registry.npmjs.org/ms/-/ms-2.1.3.tgz 0ms (cache hit)
162 http cache motion-dom@https://registry.npmjs.org/motion-dom/-/motion-dom-12.34.3.tgz 0ms (cache hit)
163 http cache minizlib@https://registry.npmjs.org/minizlib/-/minizlib-3.1.0.tgz 0ms (cache hit)
164 http cache motion@https://registry.npmjs.org/motion/-/motion-12.23.24.tgz 0ms (cache hit)
165 http cache minimatch@https://registry.npmjs.org/minimatch/-/minimatch-10.2.4.tgz 0ms (cache hit)
166 http cache math-intrinsics@https://registry.npmjs.org/math-intrinsics/-/math-intrinsics-1.1.0.tgz 0ms (cache hit)
167 http cache minipass@https://registry.npmjs.org/minipass/-/minipass-7.1.3.tgz 0ms (cache hit)
168 http cache magic-string@https://registry.npmjs.org/magic-string/-/magic-string-0.30.21.tgz 0ms (cache hit)
169 http cache lucide-react@https://registry.npmjs.org/lucide-react/-/lucide-react-0.487.0.tgz 0ms (cache hit)
170 http cache lru-cache@https://registry.npmjs.org/lru-cache/-/lru-cache-5.1.1.tgz 0ms (cache hit)
171 http cache lodash.merge@https://registry.npmjs.org/lodash.merge/-/lodash.merge-4.6.2.tgz 0ms (cache hit)
172 http cache loose-envify@https://registry.npmjs.org/loose-envify/-/loose-envify-1.4.0.tgz 0ms (cache hit)
173 http cache lodash.debounce@https://registry.npmjs.org/lodash.debounce/-/lodash.debounce-4.0.8.tgz 0ms (cache hit)
174 http cache lodash@https://registry.npmjs.org/lodash/-/lodash-4.17.23.tgz 0ms (cache hit)
175 http cache locate-path@https://registry.npmjs.org/locate-path/-/locate-path-6.0.0.tgz 0ms (cache hit)
176 http cache lines-and-columns@https://registry.npmjs.org/lines-and-columns/-/lines-and-columns-1.2.4.tgz 0ms (cache hit)
177 http cache lightningcss-darwin-arm64@https://registry.npmjs.org/lightningcss-darwin-arm64/-/lightningcss-darwin-arm64-1.30.1.tgz 0ms (cache hit)
178 http cache lightningcss@https://registry.npmjs.org/lightningcss/-/lightningcss-1.30.1.tgz 0ms (cache hit)
179 http cache levn@https://registry.npmjs.org/levn/-/levn-0.4.1.tgz 0ms (cache hit)
180 http cache keyv@https://registry.npmjs.org/keyv/-/keyv-4.5.4.tgz 0ms (cache hit)
181 http cache jsx-ast-utils@https://registry.npmjs.org/jsx-ast-utils/-/jsx-ast-utils-3.3.5.tgz 0ms (cache hit)
182 http cache json5@https://registry.npmjs.org/json5/-/json5-2.2.3.tgz 0ms (cache hit)
183 http cache json-stable-stringify-without-jsonify@https://registry.npmjs.org/json-stable-stringify-without-jsonify/-/json-stable-stringify-without-jsonify-1.0.1.tgz 0ms (cache hit)
184 http cache json-schema-traverse@https://registry.npmjs.org/json-schema-traverse/-/json-schema-traverse-0.4.1.tgz 0ms (cache hit)
185 http cache json2mq@https://registry.npmjs.org/json2mq/-/json2mq-0.2.0.tgz 0ms (cache hit)
186 http cache json-buffer@https://registry.npmjs.org/json-buffer/-/json-buffer-3.0.1.tgz 0ms (cache hit)
187 http cache jsesc@https://registry.npmjs.org/jsesc/-/jsesc-3.1.0.tgz 0ms (cache hit)
188 http cache json-parse-even-better-errors@https://registry.npmjs.org/json-parse-even-better-errors/-/json-parse-even-better-errors-2.3.1.tgz 0ms (cache hit)
189 http cache js-tokens@https://registry.npmjs.org/js-tokens/-/js-tokens-4.0.0.tgz 0ms (cache hit)
190 http cache jiti@https://registry.npmjs.org/jiti/-/jiti-2.6.1.tgz 0ms (cache hit)
191 http cache isexe@https://registry.npmjs.org/isexe/-/isexe-2.0.0.tgz 0ms (cache hit)
192 http cache isarray@https://registry.npmjs.org/isarray/-/isarray-2.0.5.tgz 0ms (cache hit)
193 http cache js-yaml@https://registry.npmjs.org/js-yaml/-/js-yaml-4.1.1.tgz 0ms (cache hit)
194 http cache is-weakref@https://registry.npmjs.org/is-weakref/-/is-weakref-1.1.1.tgz 0ms (cache hit)
195 http cache is-weakset@https://registry.npmjs.org/is-weakset/-/is-weakset-2.0.4.tgz 0ms (cache hit)
196 http cache is-typed-array@https://registry.npmjs.org/is-typed-array/-/is-typed-array-1.1.15.tgz 0ms (cache hit)
197 http cache iterator.prototype@https://registry.npmjs.org/iterator.prototype/-/iterator.prototype-1.1.5.tgz 0ms (cache hit)
198 http cache is-string@https://registry.npmjs.org/is-string/-/is-string-1.1.1.tgz 0ms (cache hit)
199 http cache is-weakmap@https://registry.npmjs.org/is-weakmap/-/is-weakmap-2.0.2.tgz 0ms (cache hit)
200 http cache is-symbol@https://registry.npmjs.org/is-symbol/-/is-symbol-1.1.1.tgz 0ms (cache hit)
201 http cache is-set@https://registry.npmjs.org/is-set/-/is-set-2.0.3.tgz 0ms (cache hit)
202 http cache is-shared-array-buffer@https://registry.npmjs.org/is-shared-array-buffer/-/is-shared-array-buffer-1.0.4.tgz 0ms (cache hit)
203 http cache is-regex@https://registry.npmjs.org/is-regex/-/is-regex-1.2.1.tgz 0ms (cache hit)
204 http cache is-path-inside@https://registry.npmjs.org/is-path-inside/-/is-path-inside-3.0.3.tgz 0ms (cache hit)
205 http cache is-number-object@https://registry.npmjs.org/is-number-object/-/is-number-object-1.1.1.tgz 0ms (cache hit)
206 http cache is-map@https://registry.npmjs.org/is-map/-/is-map-2.0.3.tgz 0ms (cache hit)
207 http cache is-generator-function@https://registry.npmjs.org/is-generator-function/-/is-generator-function-1.1.2.tgz 0ms (cache hit)
208 http cache is-glob@https://registry.npmjs.org/is-glob/-/is-glob-4.0.3.tgz 0ms (cache hit)
209 http cache is-finalizationregistry@https://registry.npmjs.org/is-finalizationregistry/-/is-finalizationregistry-1.1.1.tgz 0ms (cache hit)
210 http cache is-extglob@https://registry.npmjs.org/is-extglob/-/is-extglob-2.1.1.tgz 0ms (cache hit)
211 http cache is-date-object@https://registry.npmjs.org/is-date-object/-/is-date-object-1.1.0.tgz 0ms (cache hit)
212 http cache is-data-view@https://registry.npmjs.org/is-data-view/-/is-data-view-1.0.2.tgz 0ms (cache hit)
213 http cache is-core-module@https://registry.npmjs.org/is-core-module/-/is-core-module-2.16.1.tgz 0ms (cache hit)
214 http cache is-negative-zero@https://registry.npmjs.org/is-negative-zero/-/is-negative-zero-2.0.3.tgz 0ms (cache hit)
215 http cache is-callable@https://registry.npmjs.org/is-callable/-/is-callable-1.2.7.tgz 0ms (cache hit)
216 http cache is-async-function@https://registry.npmjs.org/is-async-function/-/is-async-function-2.1.1.tgz 0ms (cache hit)
217 http cache is-boolean-object@https://registry.npmjs.org/is-boolean-object/-/is-boolean-object-1.2.2.tgz 0ms (cache hit)
218 http cache is-bigint@https://registry.npmjs.org/is-bigint/-/is-bigint-1.1.0.tgz 0ms (cache hit)
219 http cache is-arrayish@https://registry.npmjs.org/is-arrayish/-/is-arrayish-0.2.1.tgz 0ms (cache hit)
220 http cache is-array-buffer@https://registry.npmjs.org/is-array-buffer/-/is-array-buffer-3.0.5.tgz 0ms (cache hit)
221 http cache internmap@https://registry.npmjs.org/internmap/-/internmap-2.0.3.tgz 0ms (cache hit)
222 http cache internal-slot@https://registry.npmjs.org/internal-slot/-/internal-slot-1.1.0.tgz 0ms (cache hit)
223 http cache inherits@https://registry.npmjs.org/inherits/-/inherits-2.0.4.tgz 0ms (cache hit)
224 http cache inflight@https://registry.npmjs.org/inflight/-/inflight-1.0.6.tgz 0ms (cache hit)
225 http cache imurmurhash@https://registry.npmjs.org/imurmurhash/-/imurmurhash-0.1.4.tgz 0ms (cache hit)
226 http cache ignore@https://registry.npmjs.org/ignore/-/ignore-7.0.5.tgz 0ms (cache hit)
227 http cache hoist-non-react-statics@https://registry.npmjs.org/hoist-non-react-statics/-/hoist-non-react-statics-3.3.2.tgz 0ms (cache hit)
228 http cache hermes-parser@https://registry.npmjs.org/hermes-parser/-/hermes-parser-0.25.1.tgz 0ms (cache hit)
229 http cache hermes-estree@https://registry.npmjs.org/hermes-estree/-/hermes-estree-0.25.1.tgz 0ms (cache hit)
230 http cache hasown@https://registry.npmjs.org/hasown/-/hasown-2.0.2.tgz 0ms (cache hit)
231 http cache has-tostringtag@https://registry.npmjs.org/has-tostringtag/-/has-tostringtag-1.0.2.tgz 0ms (cache hit)
232 http cache has-symbols@https://registry.npmjs.org/has-symbols/-/has-symbols-1.1.0.tgz 0ms (cache hit)
233 http cache input-otp@https://registry.npmjs.org/input-otp/-/input-otp-1.4.2.tgz 0ms (cache hit)
234 http cache has-proto@https://registry.npmjs.org/has-proto/-/has-proto-1.2.0.tgz 0ms (cache hit)
235 http cache has-property-descriptors@https://registry.npmjs.org/has-property-descriptors/-/has-property-descriptors-1.0.2.tgz 0ms (cache hit)
236 http cache import-fresh@https://registry.npmjs.org/import-fresh/-/import-fresh-3.3.1.tgz 0ms (cache hit)
237 http cache has-flag@https://registry.npmjs.org/has-flag/-/has-flag-4.0.0.tgz 0ms (cache hit)
238 http cache has-bigints@https://registry.npmjs.org/has-bigints/-/has-bigints-1.1.0.tgz 0ms (cache hit)
239 http cache graphemer@https://registry.npmjs.org/graphemer/-/graphemer-1.4.0.tgz 0ms (cache hit)
240 http cache graceful-fs@https://registry.npmjs.org/graceful-fs/-/graceful-fs-4.2.11.tgz 0ms (cache hit)
241 http cache globalthis@https://registry.npmjs.org/globalthis/-/globalthis-1.0.4.tgz 0ms (cache hit)
242 http cache gopd@https://registry.npmjs.org/gopd/-/gopd-1.2.0.tgz 0ms (cache hit)
243 http cache globals@https://registry.npmjs.org/globals/-/globals-13.24.0.tgz 0ms (cache hit)
244 http cache glob@https://registry.npmjs.org/glob/-/glob-7.2.3.tgz 0ms (cache hit)
245 http cache get-symbol-description@https://registry.npmjs.org/get-symbol-description/-/get-symbol-description-1.1.0.tgz 0ms (cache hit)
246 http cache glob-parent@https://registry.npmjs.org/glob-parent/-/glob-parent-6.0.2.tgz 0ms (cache hit)
247 http cache get-proto@https://registry.npmjs.org/get-proto/-/get-proto-1.0.1.tgz 0ms (cache hit)
248 http cache get-nonce@https://registry.npmjs.org/get-nonce/-/get-nonce-1.0.1.tgz 0ms (cache hit)
249 http cache gensync@https://registry.npmjs.org/gensync/-/gensync-1.0.0-beta.2.tgz 0ms (cache hit)
250 http cache generator-function@https://registry.npmjs.org/generator-function/-/generator-function-2.0.1.tgz 0ms (cache hit)
251 http cache get-intrinsic@https://registry.npmjs.org/get-intrinsic/-/get-intrinsic-1.3.0.tgz 0ms (cache hit)
252 http cache functions-have-names@https://registry.npmjs.org/functions-have-names/-/functions-have-names-1.2.3.tgz 0ms (cache hit)
253 http cache function.prototype.name@https://registry.npmjs.org/function.prototype.name/-/function.prototype.name-1.1.8.tgz 0ms (cache hit)
254 http cache function-bind@https://registry.npmjs.org/function-bind/-/function-bind-1.1.2.tgz 0ms (cache hit)
255 http cache fs.realpath@https://registry.npmjs.org/fs.realpath/-/fs.realpath-1.0.0.tgz 0ms (cache hit)
256 http cache fsevents@https://registry.npmjs.org/fsevents/-/fsevents-2.3.3.tgz 0ms (cache hit)
257 http cache framer-motion@https://registry.npmjs.org/framer-motion/-/framer-motion-12.34.3.tgz 0ms (cache hit)
258 http cache for-each@https://registry.npmjs.org/for-each/-/for-each-0.3.5.tgz 0ms (cache hit)
259 http cache flatted@https://registry.npmjs.org/flatted/-/flatted-3.3.3.tgz 0ms (cache hit)
260 http cache flat-cache@https://registry.npmjs.org/flat-cache/-/flat-cache-3.2.0.tgz 0ms (cache hit)
261 http cache find-root@https://registry.npmjs.org/find-root/-/find-root-1.1.0.tgz 0ms (cache hit)
262 http cache file-entry-cache@https://registry.npmjs.org/file-entry-cache/-/file-entry-cache-6.0.1.tgz 0ms (cache hit)
263 http cache find-up@https://registry.npmjs.org/find-up/-/find-up-5.0.0.tgz 0ms (cache hit)
264 http cache fastq@https://registry.npmjs.org/fastq/-/fastq-1.20.1.tgz 0ms (cache hit)
265 http cache fast-levenshtein@https://registry.npmjs.org/fast-levenshtein/-/fast-levenshtein-2.0.6.tgz 0ms (cache hit)
266 http cache fast-json-stable-stringify@https://registry.npmjs.org/fast-json-stable-stringify/-/fast-json-stable-stringify-2.1.0.tgz 0ms (cache hit)
267 http cache fast-equals@https://registry.npmjs.org/fast-equals/-/fast-equals-5.4.0.tgz 0ms (cache hit)
268 http cache expect-type@https://registry.npmjs.org/expect-type/-/expect-type-1.3.0.tgz 0ms (cache hit)
269 http cache fast-deep-equal@https://registry.npmjs.org/fast-deep-equal/-/fast-deep-equal-3.1.3.tgz 0ms (cache hit)
270 http cache eventemitter3@https://registry.npmjs.org/eventemitter3/-/eventemitter3-4.0.7.tgz 0ms (cache hit)
271 http cache esutils@https://registry.npmjs.org/esutils/-/esutils-2.0.3.tgz 0ms (cache hit)
272 http cache fdir@https://registry.npmjs.org/fdir/-/fdir-6.5.0.tgz 0ms (cache hit)
273 http cache estree-walker@https://registry.npmjs.org/estree-walker/-/estree-walker-3.0.3.tgz 0ms (cache hit)
274 http cache estraverse@https://registry.npmjs.org/estraverse/-/estraverse-5.3.0.tgz 0ms (cache hit)
275 http cache esrecurse@https://registry.npmjs.org/esrecurse/-/esrecurse-4.3.0.tgz 0ms (cache hit)
276 http cache espree@https://registry.npmjs.org/espree/-/espree-9.6.1.tgz 0ms (cache hit)
277 http cache esquery@https://registry.npmjs.org/esquery/-/esquery-1.7.0.tgz 0ms (cache hit)
278 http cache eslint-visitor-keys@https://registry.npmjs.org/eslint-visitor-keys/-/eslint-visitor-keys-3.4.3.tgz 0ms (cache hit)
279 http cache eslint-plugin-react@https://registry.npmjs.org/eslint-plugin-react/-/eslint-plugin-react-7.37.5.tgz 0ms (cache hit)
280 http cache eslint-plugin-react-hooks@https://registry.npmjs.org/eslint-plugin-react-hooks/-/eslint-plugin-react-hooks-7.0.1.tgz 0ms (cache hit)
281 http cache eslint-scope@https://registry.npmjs.org/eslint-scope/-/eslint-scope-7.2.2.tgz 0ms (cache hit)
282 http cache escape-string-regexp@https://registry.npmjs.org/escape-string-regexp/-/escape-string-regexp-4.0.0.tgz 0ms (cache hit)
283 http cache escalade@https://registry.npmjs.org/escalade/-/escalade-3.2.0.tgz 0ms (cache hit)
284 http cache esbuild@https://registry.npmjs.org/esbuild/-/esbuild-0.25.12.tgz 0ms (cache hit)
285 http cache eslint@https://registry.npmjs.org/eslint/-/eslint-8.57.1.tgz 0ms (cache hit)
286 http cache es-to-primitive@https://registry.npmjs.org/es-to-primitive/-/es-to-primitive-1.3.0.tgz 0ms (cache hit)
287 http cache es-shim-unscopables@https://registry.npmjs.org/es-shim-unscopables/-/es-shim-unscopables-1.1.0.tgz 0ms (cache hit)
288 http cache es-set-tostringtag@https://registry.npmjs.org/es-set-tostringtag/-/es-set-tostringtag-2.1.0.tgz 0ms (cache hit)
289 http cache es-object-atoms@https://registry.npmjs.org/es-object-atoms/-/es-object-atoms-1.1.1.tgz 0ms (cache hit)
290 http cache es-module-lexer@https://registry.npmjs.org/es-module-lexer/-/es-module-lexer-1.7.0.tgz 0ms (cache hit)
291 http cache es-iterator-helpers@https://registry.npmjs.org/es-iterator-helpers/-/es-iterator-helpers-1.2.2.tgz 0ms (cache hit)
292 http cache es-errors@https://registry.npmjs.org/es-errors/-/es-errors-1.3.0.tgz 0ms (cache hit)
293 http cache es-abstract@https://registry.npmjs.org/es-abstract/-/es-abstract-1.24.1.tgz 0ms (cache hit)
294 http cache enhanced-resolve@https://registry.npmjs.org/enhanced-resolve/-/enhanced-resolve-5.19.0.tgz 0ms (cache hit)
295 http cache error-ex@https://registry.npmjs.org/error-ex/-/error-ex-1.3.4.tgz 0ms (cache hit)
296 http cache embla-carousel-reactive-utils@https://registry.npmjs.org/embla-carousel-reactive-utils/-/embla-carousel-reactive-utils-8.6.0.tgz 0ms (cache hit)
297 http cache embla-carousel-react@https://registry.npmjs.org/embla-carousel-react/-/embla-carousel-react-8.6.0.tgz 0ms (cache hit)
298 http cache es-define-property@https://registry.npmjs.org/es-define-property/-/es-define-property-1.0.1.tgz 0ms (cache hit)
299 http cache embla-carousel@https://registry.npmjs.org/embla-carousel/-/embla-carousel-8.6.0.tgz 0ms (cache hit)
300 http cache electron-to-chromium@https://registry.npmjs.org/electron-to-chromium/-/electron-to-chromium-1.5.286.tgz 0ms (cache hit)
301 http cache dom-helpers@https://registry.npmjs.org/dom-helpers/-/dom-helpers-5.2.1.tgz 0ms (cache hit)
302 http cache dunder-proto@https://registry.npmjs.org/dunder-proto/-/dunder-proto-1.0.1.tgz 0ms (cache hit)
303 http cache doctrine@https://registry.npmjs.org/doctrine/-/doctrine-2.1.0.tgz 0ms (cache hit)
304 http cache dnd-core@https://registry.npmjs.org/dnd-core/-/dnd-core-16.0.1.tgz 0ms (cache hit)
305 http cache detect-node-es@https://registry.npmjs.org/detect-node-es/-/detect-node-es-1.1.0.tgz 0ms (cache hit)
306 http cache define-properties@https://registry.npmjs.org/define-properties/-/define-properties-1.2.1.tgz 0ms (cache hit)
307 http cache detect-libc@https://registry.npmjs.org/detect-libc/-/detect-libc-2.1.2.tgz 0ms (cache hit)
308 http cache define-data-property@https://registry.npmjs.org/define-data-property/-/define-data-property-1.1.4.tgz 0ms (cache hit)
309 http cache deep-is@https://registry.npmjs.org/deep-is/-/deep-is-0.1.4.tgz 0ms (cache hit)
310 http cache debug@https://registry.npmjs.org/debug/-/debug-4.4.3.tgz 0ms (cache hit)
311 http cache decimal.js-light@https://registry.npmjs.org/decimal.js-light/-/decimal.js-light-2.5.1.tgz 0ms (cache hit)
312 http cache date-fns@https://registry.npmjs.org/date-fns/-/date-fns-3.6.0.tgz 0ms (cache hit)
313 http cache data-view-byte-length@https://registry.npmjs.org/data-view-byte-length/-/data-view-byte-length-1.0.2.tgz 0ms (cache hit)
314 http cache data-view-byte-offset@https://registry.npmjs.org/data-view-byte-offset/-/data-view-byte-offset-1.0.1.tgz 0ms (cache hit)
315 http cache data-view-buffer@https://registry.npmjs.org/data-view-buffer/-/data-view-buffer-1.0.2.tgz 0ms (cache hit)
316 http cache d3-timer@https://registry.npmjs.org/d3-timer/-/d3-timer-3.0.1.tgz 0ms (cache hit)
317 http cache d3-time-format@https://registry.npmjs.org/d3-time-format/-/d3-time-format-4.1.0.tgz 0ms (cache hit)
318 http cache d3-time@https://registry.npmjs.org/d3-time/-/d3-time-3.1.0.tgz 0ms (cache hit)
319 http cache d3-shape@https://registry.npmjs.org/d3-shape/-/d3-shape-3.2.0.tgz 0ms (cache hit)
320 http cache d3-scale@https://registry.npmjs.org/d3-scale/-/d3-scale-4.0.2.tgz 0ms (cache hit)
321 http cache d3-path@https://registry.npmjs.org/d3-path/-/d3-path-3.1.0.tgz 0ms (cache hit)
322 http cache d3-format@https://registry.npmjs.org/d3-format/-/d3-format-3.1.2.tgz 0ms (cache hit)
323 http cache d3-ease@https://registry.npmjs.org/d3-ease/-/d3-ease-3.0.1.tgz 0ms (cache hit)
324 http cache d3-interpolate@https://registry.npmjs.org/d3-interpolate/-/d3-interpolate-3.0.1.tgz 0ms (cache hit)
325 http cache d3-color@https://registry.npmjs.org/d3-color/-/d3-color-3.1.0.tgz 0ms (cache hit)
326 http cache d3-array@https://registry.npmjs.org/d3-array/-/d3-array-3.2.4.tgz 0ms (cache hit)
327 http cache cross-spawn@https://registry.npmjs.org/cross-spawn/-/cross-spawn-7.0.6.tgz 0ms (cache hit)
328 http cache csstype@https://registry.npmjs.org/csstype/-/csstype-3.2.3.tgz 0ms (cache hit)
329 http cache cosmiconfig@https://registry.npmjs.org/cosmiconfig/-/cosmiconfig-7.1.0.tgz 0ms (cache hit)
330 http cache cookie@https://registry.npmjs.org/cookie/-/cookie-1.1.1.tgz 0ms (cache hit)
331 http cache convert-source-map@https://registry.npmjs.org/convert-source-map/-/convert-source-map-2.0.0.tgz 0ms (cache hit)
332 http cache concat-map@https://registry.npmjs.org/concat-map/-/concat-map-0.0.1.tgz 0ms (cache hit)
333 http cache color-name@https://registry.npmjs.org/color-name/-/color-name-1.1.4.tgz 0ms (cache hit)
334 http cache cmdk@https://registry.npmjs.org/cmdk/-/cmdk-1.1.1.tgz 0ms (cache hit)
335 http cache clsx@https://registry.npmjs.org/clsx/-/clsx-2.1.1.tgz 0ms (cache hit)
336 http cache color-convert@https://registry.npmjs.org/color-convert/-/color-convert-2.0.1.tgz 0ms (cache hit)
337 http cache classnames@https://registry.npmjs.org/classnames/-/classnames-2.5.1.tgz 0ms (cache hit)
338 http cache chownr@https://registry.npmjs.org/chownr/-/chownr-3.0.0.tgz 0ms (cache hit)
339 http cache chalk@https://registry.npmjs.org/chalk/-/chalk-4.1.2.tgz 0ms (cache hit)
340 http cache chai@https://registry.npmjs.org/chai/-/chai-6.2.2.tgz 0ms (cache hit)
341 http cache callsites@https://registry.npmjs.org/callsites/-/callsites-3.1.0.tgz 0ms (cache hit)
342 http cache call-bound@https://registry.npmjs.org/call-bound/-/call-bound-1.0.4.tgz 0ms (cache hit)
343 http cache call-bind@https://registry.npmjs.org/call-bind/-/call-bind-1.0.8.tgz 0ms (cache hit)
344 http cache brace-expansion@https://registry.npmjs.org/brace-expansion/-/brace-expansion-5.0.3.tgz 0ms (cache hit)
345 http cache baseline-browser-mapping@https://registry.npmjs.org/baseline-browser-mapping/-/baseline-browser-mapping-2.9.19.tgz 0ms (cache hit)
346 http cache babel-plugin-macros@https://registry.npmjs.org/babel-plugin-macros/-/babel-plugin-macros-3.1.0.tgz 0ms (cache hit)
347 http cache available-typed-arrays@https://registry.npmjs.org/available-typed-arrays/-/available-typed-arrays-1.0.7.tgz 0ms (cache hit)
348 http cache class-variance-authority@https://registry.npmjs.org/class-variance-authority/-/class-variance-authority-0.7.1.tgz 0ms (cache hit)
349 http cache balanced-match@https://registry.npmjs.org/balanced-match/-/balanced-match-4.0.4.tgz 0ms (cache hit)
350 http cache arraybuffer.prototype.slice@https://registry.npmjs.org/arraybuffer.prototype.slice/-/arraybuffer.prototype.slice-1.0.4.tgz 0ms (cache hit)
351 http cache browserslist@https://registry.npmjs.org/browserslist/-/browserslist-4.28.1.tgz 0ms (cache hit)
352 http cache assertion-error@https://registry.npmjs.org/assertion-error/-/assertion-error-2.0.1.tgz 0ms (cache hit)
353 http cache array.prototype.flatmap@https://registry.npmjs.org/array.prototype.flatmap/-/array.prototype.flatmap-1.3.3.tgz 0ms (cache hit)
354 http cache array.prototype.tosorted@https://registry.npmjs.org/array.prototype.tosorted/-/array.prototype.tosorted-1.1.4.tgz 0ms (cache hit)
355 http cache call-bind-apply-helpers@https://registry.npmjs.org/call-bind-apply-helpers/-/call-bind-apply-helpers-1.0.2.tgz 0ms (cache hit)
356 http cache caniuse-lite@https://registry.npmjs.org/caniuse-lite/-/caniuse-lite-1.0.30001770.tgz 0ms (cache hit)
357 http cache array.prototype.findlast@https://registry.npmjs.org/array.prototype.findlast/-/array.prototype.findlast-1.2.5.tgz 0ms (cache hit)
358 http cache aria-hidden@https://registry.npmjs.org/aria-hidden/-/aria-hidden-1.2.6.tgz 0ms (cache hit)
359 http cache array.prototype.flat@https://registry.npmjs.org/array.prototype.flat/-/array.prototype.flat-1.3.3.tgz 0ms (cache hit)
360 http cache array-includes@https://registry.npmjs.org/array-includes/-/array-includes-3.1.9.tgz 0ms (cache hit)
361 http cache argparse@https://registry.npmjs.org/argparse/-/argparse-2.0.1.tgz 0ms (cache hit)
362 http cache ansi-styles@https://registry.npmjs.org/ansi-styles/-/ansi-styles-4.3.0.tgz 0ms (cache hit)
363 http cache ansi-regex@https://registry.npmjs.org/ansi-regex/-/ansi-regex-5.0.1.tgz 0ms (cache hit)
364 http cache ajv@https://registry.npmjs.org/ajv/-/ajv-6.14.0.tgz 0ms (cache hit)
365 http cache acorn-jsx@https://registry.npmjs.org/acorn-jsx/-/acorn-jsx-5.3.2.tgz 0ms (cache hit)
366 http cache array-buffer-byte-length@https://registry.npmjs.org/array-buffer-byte-length/-/array-buffer-byte-length-1.0.2.tgz 0ms (cache hit)
367 http cache acorn@https://registry.npmjs.org/acorn/-/acorn-8.16.0.tgz 0ms (cache hit)
368 http cache @vitest/utils@https://registry.npmjs.org/@vitest/utils/-/utils-4.0.18.tgz 0ms (cache hit)
369 http cache @vitest/spy@https://registry.npmjs.org/@vitest/spy/-/spy-4.0.18.tgz 0ms (cache hit)
370 http cache @vitest/snapshot@https://registry.npmjs.org/@vitest/snapshot/-/snapshot-4.0.18.tgz 0ms (cache hit)
371 http cache @vitest/runner@https://registry.npmjs.org/@vitest/runner/-/runner-4.0.18.tgz 0ms (cache hit)
372 http cache @vitest/expect@https://registry.npmjs.org/@vitest/expect/-/expect-4.0.18.tgz 0ms (cache hit)
373 http cache @vitest/pretty-format@https://registry.npmjs.org/@vitest/pretty-format/-/pretty-format-4.0.18.tgz 0ms (cache hit)
374 http cache @vitejs/plugin-react@https://registry.npmjs.org/@vitejs/plugin-react/-/plugin-react-4.7.0.tgz 0ms (cache hit)
375 http cache @ungap/structured-clone@https://registry.npmjs.org/@ungap/structured-clone/-/structured-clone-1.3.0.tgz 0ms (cache hit)
376 http cache @typescript-eslint/visitor-keys@https://registry.npmjs.org/@typescript-eslint/visitor-keys/-/visitor-keys-8.56.1.tgz 0ms (cache hit)
377 http cache @typescript-eslint/utils@https://registry.npmjs.org/@typescript-eslint/utils/-/utils-8.56.1.tgz 0ms (cache hit)
378 http cache async-function@https://registry.npmjs.org/async-function/-/async-function-1.0.0.tgz 0ms (cache hit)
379 http cache @typescript-eslint/typescript-estree@https://registry.npmjs.org/@typescript-eslint/typescript-estree/-/typescript-estree-8.56.1.tgz 0ms (cache hit)
380 http cache @typescript-eslint/types@https://registry.npmjs.org/@typescript-eslint/types/-/types-8.56.1.tgz 0ms (cache hit)
381 http cache @typescript-eslint/tsconfig-utils@https://registry.npmjs.org/@typescript-eslint/tsconfig-utils/-/tsconfig-utils-8.56.1.tgz 0ms (cache hit)
382 http cache @typescript-eslint/scope-manager@https://registry.npmjs.org/@typescript-eslint/scope-manager/-/scope-manager-8.56.1.tgz 0ms (cache hit)
383 http cache @typescript-eslint/project-service@https://registry.npmjs.org/@typescript-eslint/project-service/-/project-service-8.56.1.tgz 0ms (cache hit)
384 http cache @typescript-eslint/type-utils@https://registry.npmjs.org/@typescript-eslint/type-utils/-/type-utils-8.56.1.tgz 0ms (cache hit)
385 http cache @typescript-eslint/eslint-plugin@https://registry.npmjs.org/@typescript-eslint/eslint-plugin/-/eslint-plugin-8.56.1.tgz 0ms (cache hit)
386 http cache @types/react-transition-group@https://registry.npmjs.org/@types/react-transition-group/-/react-transition-group-4.4.12.tgz 0ms (cache hit)
387 http cache @types/react@https://registry.npmjs.org/@types/react/-/react-18.3.28.tgz 0ms (cache hit)
388 http cache @types/prop-types@https://registry.npmjs.org/@types/prop-types/-/prop-types-15.7.15.tgz 0ms (cache hit)
389 http cache @types/deep-eql@https://registry.npmjs.org/@types/deep-eql/-/deep-eql-4.0.2.tgz 0ms (cache hit)
390 http cache @types/parse-json@https://registry.npmjs.org/@types/parse-json/-/parse-json-4.0.2.tgz 0ms (cache hit)
391 http cache @types/react-dom@https://registry.npmjs.org/@types/react-dom/-/react-dom-18.3.7.tgz 0ms (cache hit)
392 http cache @types/d3-time@https://registry.npmjs.org/@types/d3-time/-/d3-time-3.0.4.tgz 0ms (cache hit)
393 http cache @types/d3-timer@https://registry.npmjs.org/@types/d3-timer/-/d3-timer-3.0.2.tgz 0ms (cache hit)
394 http cache @types/d3-shape@https://registry.npmjs.org/@types/d3-shape/-/d3-shape-3.1.8.tgz 0ms (cache hit)
395 http cache @types/d3-scale@https://registry.npmjs.org/@types/d3-scale/-/d3-scale-4.0.9.tgz 0ms (cache hit)
396 http cache @typescript-eslint/parser@https://registry.npmjs.org/@typescript-eslint/parser/-/parser-8.56.1.tgz 0ms (cache hit)
397 http cache @types/estree@https://registry.npmjs.org/@types/estree/-/estree-1.0.8.tgz 0ms (cache hit)
398 http cache @types/d3-interpolate@https://registry.npmjs.org/@types/d3-interpolate/-/d3-interpolate-3.0.4.tgz 0ms (cache hit)
399 http cache @types/d3-color@https://registry.npmjs.org/@types/d3-color/-/d3-color-3.1.3.tgz 0ms (cache hit)
400 http cache @types/d3-array@https://registry.npmjs.org/@types/d3-array/-/d3-array-3.2.2.tgz 0ms (cache hit)
401 http cache @types/babel__traverse@https://registry.npmjs.org/@types/babel__traverse/-/babel__traverse-7.28.0.tgz 0ms (cache hit)
402 http cache @types/d3-ease@https://registry.npmjs.org/@types/d3-ease/-/d3-ease-3.0.2.tgz 0ms (cache hit)
403 http cache @types/d3-path@https://registry.npmjs.org/@types/d3-path/-/d3-path-3.1.1.tgz 0ms (cache hit)
404 http cache @types/babel__template@https://registry.npmjs.org/@types/babel__template/-/babel__template-7.4.4.tgz 0ms (cache hit)
405 http cache @types/chai@https://registry.npmjs.org/@types/chai/-/chai-5.2.3.tgz 0ms (cache hit)
406 http cache @types/babel__core@https://registry.npmjs.org/@types/babel__core/-/babel__core-7.20.5.tgz 0ms (cache hit)
407 http cache @types/babel__generator@https://registry.npmjs.org/@types/babel__generator/-/babel__generator-7.27.0.tgz 0ms (cache hit)
408 http cache @tailwindcss/vite@https://registry.npmjs.org/@tailwindcss/vite/-/vite-4.1.12.tgz 0ms (cache hit)
409 http cache @tailwindcss/oxide-darwin-arm64@https://registry.npmjs.org/@tailwindcss/oxide-darwin-arm64/-/oxide-darwin-arm64-4.1.12.tgz 0ms (cache hit)
410 http cache @tailwindcss/node@https://registry.npmjs.org/@tailwindcss/node/-/node-4.1.12.tgz 0ms (cache hit)
411 http cache @tailwindcss/oxide@https://registry.npmjs.org/@tailwindcss/oxide/-/oxide-4.1.12.tgz 0ms (cache hit)
412 http cache @standard-schema/spec@https://registry.npmjs.org/@standard-schema/spec/-/spec-1.1.0.tgz 0ms (cache hit)
413 http cache @rollup/rollup-darwin-arm64@https://registry.npmjs.org/@rollup/rollup-darwin-arm64/-/rollup-darwin-arm64-4.57.1.tgz 0ms (cache hit)
414 http cache @rolldown/pluginutils@https://registry.npmjs.org/@rolldown/pluginutils/-/pluginutils-1.0.0-beta.27.tgz 0ms (cache hit)
415 http cache @react-dnd/shallowequal@https://registry.npmjs.org/@react-dnd/shallowequal/-/shallowequal-4.0.2.tgz 0ms (cache hit)
416 http cache @react-dnd/asap@https://registry.npmjs.org/@react-dnd/asap/-/asap-5.0.2.tgz 0ms (cache hit)
417 http cache @react-dnd/invariant@https://registry.npmjs.org/@react-dnd/invariant/-/invariant-4.0.2.tgz 0ms (cache hit)
418 http cache @radix-ui/rect@https://registry.npmjs.org/@radix-ui/rect/-/rect-1.1.0.tgz 0ms (cache hit)
419 http cache @radix-ui/react-visually-hidden@https://registry.npmjs.org/@radix-ui/react-visually-hidden/-/react-visually-hidden-1.1.2.tgz 0ms (cache hit)
420 http cache @radix-ui/react-use-size@https://registry.npmjs.org/@radix-ui/react-use-size/-/react-use-size-1.1.0.tgz 0ms (cache hit)
421 http cache @radix-ui/react-use-rect@https://registry.npmjs.org/@radix-ui/react-use-rect/-/react-use-rect-1.1.0.tgz 0ms (cache hit)
422 http cache @radix-ui/react-use-previous@https://registry.npmjs.org/@radix-ui/react-use-previous/-/react-use-previous-1.1.0.tgz 0ms (cache hit)
423 http cache @radix-ui/react-use-layout-effect@https://registry.npmjs.org/@radix-ui/react-use-layout-effect/-/react-use-layout-effect-1.1.0.tgz 0ms (cache hit)
424 http cache @radix-ui/react-use-escape-keydown@https://registry.npmjs.org/@radix-ui/react-use-escape-keydown/-/react-use-escape-keydown-1.1.0.tgz 0ms (cache hit)
425 http cache @radix-ui/react-use-controllable-state@https://registry.npmjs.org/@radix-ui/react-use-controllable-state/-/react-use-controllable-state-1.1.0.tgz 0ms (cache hit)
426 http cache @radix-ui/react-use-callback-ref@https://registry.npmjs.org/@radix-ui/react-use-callback-ref/-/react-use-callback-ref-1.1.0.tgz 0ms (cache hit)
427 http cache @radix-ui/react-tooltip@https://registry.npmjs.org/@radix-ui/react-tooltip/-/react-tooltip-1.1.8.tgz 0ms (cache hit)
428 http cache @radix-ui/react-toggle-group@https://registry.npmjs.org/@radix-ui/react-toggle-group/-/react-toggle-group-1.1.2.tgz 0ms (cache hit)
429 http cache @radix-ui/react-toggle@https://registry.npmjs.org/@radix-ui/react-toggle/-/react-toggle-1.1.2.tgz 0ms (cache hit)
430 http cache @radix-ui/react-tabs@https://registry.npmjs.org/@radix-ui/react-tabs/-/react-tabs-1.1.3.tgz 0ms (cache hit)
431 http cache @radix-ui/react-switch@https://registry.npmjs.org/@radix-ui/react-switch/-/react-switch-1.1.3.tgz 0ms (cache hit)
432 http cache @radix-ui/react-slot@https://registry.npmjs.org/@radix-ui/react-slot/-/react-slot-1.1.2.tgz 0ms (cache hit)
433 http cache @radix-ui/react-slider@https://registry.npmjs.org/@radix-ui/react-slider/-/react-slider-1.2.3.tgz 0ms (cache hit)
434 http cache @radix-ui/react-separator@https://registry.npmjs.org/@radix-ui/react-separator/-/react-separator-1.1.2.tgz 0ms (cache hit)
435 http cache @radix-ui/react-select@https://registry.npmjs.org/@radix-ui/react-select/-/react-select-2.1.6.tgz 0ms (cache hit)
436 http cache @radix-ui/react-scroll-area@https://registry.npmjs.org/@radix-ui/react-scroll-area/-/react-scroll-area-1.2.3.tgz 0ms (cache hit)
437 http cache @radix-ui/react-roving-focus@https://registry.npmjs.org/@radix-ui/react-roving-focus/-/react-roving-focus-1.1.2.tgz 0ms (cache hit)
438 http cache @radix-ui/react-radio-group@https://registry.npmjs.org/@radix-ui/react-radio-group/-/react-radio-group-1.2.3.tgz 0ms (cache hit)
439 http cache @radix-ui/react-progress@https://registry.npmjs.org/@radix-ui/react-progress/-/react-progress-1.1.2.tgz 0ms (cache hit)
440 http cache @radix-ui/react-primitive@https://registry.npmjs.org/@radix-ui/react-primitive/-/react-primitive-2.0.2.tgz 0ms (cache hit)
441 http cache @radix-ui/react-popover@https://registry.npmjs.org/@radix-ui/react-popover/-/react-popover-1.1.6.tgz 0ms (cache hit)
442 http cache @radix-ui/react-portal@https://registry.npmjs.org/@radix-ui/react-portal/-/react-portal-1.1.4.tgz 0ms (cache hit)
443 http cache @radix-ui/react-popper@https://registry.npmjs.org/@radix-ui/react-popper/-/react-popper-1.2.2.tgz 0ms (cache hit)
444 http cache @radix-ui/react-menubar@https://registry.npmjs.org/@radix-ui/react-menubar/-/react-menubar-1.1.6.tgz 0ms (cache hit)
445 http cache @radix-ui/react-navigation-menu@https://registry.npmjs.org/@radix-ui/react-navigation-menu/-/react-navigation-menu-1.2.5.tgz 0ms (cache hit)
446 http cache @radix-ui/react-label@https://registry.npmjs.org/@radix-ui/react-label/-/react-label-2.1.2.tgz 0ms (cache hit)
447 http cache @radix-ui/react-menu@https://registry.npmjs.org/@radix-ui/react-menu/-/react-menu-2.1.6.tgz 0ms (cache hit)
448 http cache @radix-ui/react-hover-card@https://registry.npmjs.org/@radix-ui/react-hover-card/-/react-hover-card-1.1.6.tgz 0ms (cache hit)
449 http cache @radix-ui/react-presence@https://registry.npmjs.org/@radix-ui/react-presence/-/react-presence-1.1.2.tgz 0ms (cache hit)
450 http cache @radix-ui/react-focus-guards@https://registry.npmjs.org/@radix-ui/react-focus-guards/-/react-focus-guards-1.1.1.tgz 0ms (cache hit)
451 http cache @radix-ui/react-focus-scope@https://registry.npmjs.org/@radix-ui/react-focus-scope/-/react-focus-scope-1.1.2.tgz 0ms (cache hit)
452 http cache @radix-ui/react-dropdown-menu@https://registry.npmjs.org/@radix-ui/react-dropdown-menu/-/react-dropdown-menu-2.1.6.tgz 0ms (cache hit)
453 http cache @radix-ui/react-direction@https://registry.npmjs.org/@radix-ui/react-direction/-/react-direction-1.1.0.tgz 0ms (cache hit)
454 http cache @radix-ui/react-id@https://registry.npmjs.org/@radix-ui/react-id/-/react-id-1.1.0.tgz 0ms (cache hit)
455 http cache @radix-ui/react-dialog@https://registry.npmjs.org/@radix-ui/react-dialog/-/react-dialog-1.1.6.tgz 0ms (cache hit)
456 http cache @radix-ui/react-context-menu@https://registry.npmjs.org/@radix-ui/react-context-menu/-/react-context-menu-2.2.6.tgz 0ms (cache hit)
457 http cache @radix-ui/react-dismissable-layer@https://registry.npmjs.org/@radix-ui/react-dismissable-layer/-/react-dismissable-layer-1.1.5.tgz 0ms (cache hit)
458 http cache @radix-ui/react-context@https://registry.npmjs.org/@radix-ui/react-context/-/react-context-1.1.1.tgz 0ms (cache hit)
459 http cache @radix-ui/react-compose-refs@https://registry.npmjs.org/@radix-ui/react-compose-refs/-/react-compose-refs-1.1.1.tgz 0ms (cache hit)
460 http cache @radix-ui/react-collection@https://registry.npmjs.org/@radix-ui/react-collection/-/react-collection-1.1.2.tgz 0ms (cache hit)
461 http cache @radix-ui/react-checkbox@https://registry.npmjs.org/@radix-ui/react-checkbox/-/react-checkbox-1.1.4.tgz 0ms (cache hit)
462 http cache @radix-ui/react-collapsible@https://registry.npmjs.org/@radix-ui/react-collapsible/-/react-collapsible-1.1.3.tgz 0ms (cache hit)
463 http cache @radix-ui/react-avatar@https://registry.npmjs.org/@radix-ui/react-avatar/-/react-avatar-1.1.3.tgz 0ms (cache hit)
464 http cache @radix-ui/react-aspect-ratio@https://registry.npmjs.org/@radix-ui/react-aspect-ratio/-/react-aspect-ratio-1.1.2.tgz 0ms (cache hit)
465 http cache @radix-ui/react-arrow@https://registry.npmjs.org/@radix-ui/react-arrow/-/react-arrow-1.1.2.tgz 0ms (cache hit)
466 http cache @radix-ui/react-alert-dialog@https://registry.npmjs.org/@radix-ui/react-alert-dialog/-/react-alert-dialog-1.1.6.tgz 0ms (cache hit)
467 http cache @radix-ui/react-accordion@https://registry.npmjs.org/@radix-ui/react-accordion/-/react-accordion-1.2.3.tgz 0ms (cache hit)
468 http cache @radix-ui/primitive@https://registry.npmjs.org/@radix-ui/primitive/-/primitive-1.1.1.tgz 0ms (cache hit)
469 http cache @radix-ui/number@https://registry.npmjs.org/@radix-ui/number/-/number-1.1.0.tgz 0ms (cache hit)
470 http cache @popperjs/core@https://registry.npmjs.org/@popperjs/core/-/core-2.11.8.tgz 0ms (cache hit)
471 http cache @nodelib/fs.walk@https://registry.npmjs.org/@nodelib/fs.walk/-/fs.walk-1.2.8.tgz 0ms (cache hit)
472 http cache @nodelib/fs.scandir@https://registry.npmjs.org/@nodelib/fs.scandir/-/fs.scandir-2.1.5.tgz 0ms (cache hit)
473 http cache @nodelib/fs.stat@https://registry.npmjs.org/@nodelib/fs.stat/-/fs.stat-2.0.5.tgz 0ms (cache hit)
474 http cache @mui/types@https://registry.npmjs.org/@mui/types/-/types-7.4.11.tgz 0ms (cache hit)
475 http cache @mui/system@https://registry.npmjs.org/@mui/system/-/system-7.3.8.tgz 0ms (cache hit)
476 http cache @mui/styled-engine@https://registry.npmjs.org/@mui/styled-engine/-/styled-engine-7.3.8.tgz 0ms (cache hit)
477 http cache @mui/private-theming@https://registry.npmjs.org/@mui/private-theming/-/private-theming-7.3.8.tgz 0ms (cache hit)
478 http cache @mui/material@https://registry.npmjs.org/@mui/material/-/material-7.3.5.tgz 0ms (cache hit)
479 http cache @mui/utils@https://registry.npmjs.org/@mui/utils/-/utils-7.3.8.tgz 0ms (cache hit)
480 http cache @mui/core-downloads-tracker@https://registry.npmjs.org/@mui/core-downloads-tracker/-/core-downloads-tracker-7.3.8.tgz 0ms (cache hit)
481 http cache @jridgewell/trace-mapping@https://registry.npmjs.org/@jridgewell/trace-mapping/-/trace-mapping-0.3.31.tgz 0ms (cache hit)
482 http cache @jridgewell/gen-mapping@https://registry.npmjs.org/@jridgewell/gen-mapping/-/gen-mapping-0.3.13.tgz 0ms (cache hit)
483 http cache @jridgewell/remapping@https://registry.npmjs.org/@jridgewell/remapping/-/remapping-2.3.5.tgz 0ms (cache hit)
484 http cache @isaacs/fs-minipass@https://registry.npmjs.org/@isaacs/fs-minipass/-/fs-minipass-4.0.1.tgz 0ms (cache hit)
485 http cache @jridgewell/resolve-uri@https://registry.npmjs.org/@jridgewell/resolve-uri/-/resolve-uri-3.1.2.tgz 0ms (cache hit)
486 http cache @humanwhocodes/object-schema@https://registry.npmjs.org/@humanwhocodes/object-schema/-/object-schema-2.0.3.tgz 0ms (cache hit)
487 http cache @humanwhocodes/module-importer@https://registry.npmjs.org/@humanwhocodes/module-importer/-/module-importer-1.0.1.tgz 0ms (cache hit)
488 http cache @humanwhocodes/config-array@https://registry.npmjs.org/@humanwhocodes/config-array/-/config-array-0.13.0.tgz 0ms (cache hit)
489 http cache @floating-ui/react-dom@https://registry.npmjs.org/@floating-ui/react-dom/-/react-dom-2.1.7.tgz 0ms (cache hit)
490 http cache @floating-ui/core@https://registry.npmjs.org/@floating-ui/core/-/core-1.7.4.tgz 0ms (cache hit)
491 http cache @floating-ui/dom@https://registry.npmjs.org/@floating-ui/dom/-/dom-1.7.5.tgz 0ms (cache hit)
492 http cache @floating-ui/utils@https://registry.npmjs.org/@floating-ui/utils/-/utils-0.2.10.tgz 0ms (cache hit)
493 http cache @eslint/js@https://registry.npmjs.org/@eslint/js/-/js-8.57.1.tgz 0ms (cache hit)
494 http cache @eslint/eslintrc@https://registry.npmjs.org/@eslint/eslintrc/-/eslintrc-2.1.4.tgz 0ms (cache hit)
495 http cache @eslint-community/regexpp@https://registry.npmjs.org/@eslint-community/regexpp/-/regexpp-4.12.2.tgz 0ms (cache hit)
496 http cache @jridgewell/sourcemap-codec@https://registry.npmjs.org/@jridgewell/sourcemap-codec/-/sourcemap-codec-1.5.5.tgz 0ms (cache hit)
497 http cache @eslint-community/eslint-utils@https://registry.npmjs.org/@eslint-community/eslint-utils/-/eslint-utils-4.9.1.tgz 0ms (cache hit)
498 http cache @emotion/weak-memoize@https://registry.npmjs.org/@emotion/weak-memoize/-/weak-memoize-0.4.0.tgz 0ms (cache hit)
499 http cache @esbuild/darwin-arm64@https://registry.npmjs.org/@esbuild/darwin-arm64/-/darwin-arm64-0.25.12.tgz 0ms (cache hit)
500 http cache @emotion/use-insertion-effect-with-fallbacks@https://registry.npmjs.org/@emotion/use-insertion-effect-with-fallbacks/-/use-insertion-effect-with-fallbacks-1.2.0.tgz 0ms (cache hit)
501 http cache @emotion/utils@https://registry.npmjs.org/@emotion/utils/-/utils-1.4.2.tgz 0ms (cache hit)
502 http cache @emotion/styled@https://registry.npmjs.org/@emotion/styled/-/styled-11.14.1.tgz 0ms (cache hit)
503 http cache @emotion/sheet@https://registry.npmjs.org/@emotion/sheet/-/sheet-1.4.0.tgz 0ms (cache hit)
504 http cache @emotion/serialize@https://registry.npmjs.org/@emotion/serialize/-/serialize-1.3.3.tgz 0ms (cache hit)
505 http cache @emotion/unitless@https://registry.npmjs.org/@emotion/unitless/-/unitless-0.10.0.tgz 0ms (cache hit)
506 http cache @emotion/react@https://registry.npmjs.org/@emotion/react/-/react-11.14.0.tgz 0ms (cache hit)
507 http cache @emotion/memoize@https://registry.npmjs.org/@emotion/memoize/-/memoize-0.9.0.tgz 0ms (cache hit)
508 http cache @emotion/hash@https://registry.npmjs.org/@emotion/hash/-/hash-0.9.2.tgz 0ms (cache hit)
509 http cache @emotion/cache@https://registry.npmjs.org/@emotion/cache/-/cache-11.14.0.tgz 0ms (cache hit)
510 http cache @emotion/babel-plugin@https://registry.npmjs.org/@emotion/babel-plugin/-/babel-plugin-11.13.5.tgz 0ms (cache hit)
511 http cache @emotion/is-prop-valid@https://registry.npmjs.org/@emotion/is-prop-valid/-/is-prop-valid-1.4.0.tgz 0ms (cache hit)
512 http cache @babel/types@https://registry.npmjs.org/@babel/types/-/types-7.29.0.tgz 0ms (cache hit)
513 http cache @babel/plugin-transform-react-jsx-source@https://registry.npmjs.org/@babel/plugin-transform-react-jsx-source/-/plugin-transform-react-jsx-source-7.27.1.tgz 0ms (cache hit)
514 http cache @babel/traverse@https://registry.npmjs.org/@babel/traverse/-/traverse-7.29.0.tgz 0ms (cache hit)
515 http cache @babel/plugin-transform-react-jsx-self@https://registry.npmjs.org/@babel/plugin-transform-react-jsx-self/-/plugin-transform-react-jsx-self-7.27.1.tgz 0ms (cache hit)
516 http cache @babel/template@https://registry.npmjs.org/@babel/template/-/template-7.28.6.tgz 0ms (cache hit)
517 http cache @babel/runtime@https://registry.npmjs.org/@babel/runtime/-/runtime-7.28.6.tgz 0ms (cache hit)
518 http cache @babel/helpers@https://registry.npmjs.org/@babel/helpers/-/helpers-7.28.6.tgz 0ms (cache hit)
519 http cache @babel/parser@https://registry.npmjs.org/@babel/parser/-/parser-7.29.0.tgz 0ms (cache hit)
520 http cache @babel/helper-validator-identifier@https://registry.npmjs.org/@babel/helper-validator-identifier/-/helper-validator-identifier-7.28.5.tgz 0ms (cache hit)
521 http cache @babel/helper-validator-option@https://registry.npmjs.org/@babel/helper-validator-option/-/helper-validator-option-7.27.1.tgz 0ms (cache hit)
522 http cache @babel/helper-plugin-utils@https://registry.npmjs.org/@babel/helper-plugin-utils/-/helper-plugin-utils-7.28.6.tgz 0ms (cache hit)
523 http cache @babel/helper-string-parser@https://registry.npmjs.org/@babel/helper-string-parser/-/helper-string-parser-7.27.1.tgz 0ms (cache hit)
524 http cache @babel/helper-module-transforms@https://registry.npmjs.org/@babel/helper-module-transforms/-/helper-module-transforms-7.28.6.tgz 0ms (cache hit)
525 http cache @babel/helper-module-imports@https://registry.npmjs.org/@babel/helper-module-imports/-/helper-module-imports-7.28.6.tgz 0ms (cache hit)
526 http cache @babel/helper-globals@https://registry.npmjs.org/@babel/helper-globals/-/helper-globals-7.28.0.tgz 0ms (cache hit)
527 http cache @babel/generator@https://registry.npmjs.org/@babel/generator/-/generator-7.29.1.tgz 0ms (cache hit)
528 http cache @babel/helper-compilation-targets@https://registry.npmjs.org/@babel/helper-compilation-targets/-/helper-compilation-targets-7.28.6.tgz 0ms (cache hit)
529 http cache @babel/core@https://registry.npmjs.org/@babel/core/-/core-7.29.0.tgz 0ms (cache hit)
530 http cache @babel/code-frame@https://registry.npmjs.org/@babel/code-frame/-/code-frame-7.29.0.tgz 0ms (cache hit)
531 http cache @babel/compat-data@https://registry.npmjs.org/@babel/compat-data/-/compat-data-7.29.0.tgz 0ms (cache hit)
532 http cache @mui/icons-material@https://registry.npmjs.org/@mui/icons-material/-/icons-material-7.3.5.tgz 0ms (cache hit)
533 http cache vite@https://registry.npmjs.org/vite/-/vite-7.3.1.tgz 0ms (cache hit)
534 http cache @vitest/mocker@https://registry.npmjs.org/@vitest/mocker/-/mocker-4.0.18.tgz 0ms (cache hit)
535 http cache yallist@https://registry.npmjs.org/yallist/-/yallist-5.0.0.tgz 0ms (cache hit)
536 http cache @esbuild/darwin-arm64@https://registry.npmjs.org/@esbuild/darwin-arm64/-/darwin-arm64-0.27.3.tgz 0ms (cache hit)
537 http cache react-is@https://registry.npmjs.org/react-is/-/react-is-18.3.1.tgz 0ms (cache hit)
538 http cache react-is@https://registry.npmjs.org/react-is/-/react-is-16.13.1.tgz 0ms (cache hit)
539 http cache react-is@https://registry.npmjs.org/react-is/-/react-is-16.13.1.tgz 0ms (cache hit)
540 http cache minimatch@https://registry.npmjs.org/minimatch/-/minimatch-3.1.5.tgz 0ms (cache hit)
541 http cache balanced-match@https://registry.npmjs.org/balanced-match/-/balanced-match-1.0.2.tgz 0ms (cache hit)
542 http cache brace-expansion@https://registry.npmjs.org/brace-expansion/-/brace-expansion-1.1.12.tgz 0ms (cache hit)
543 http cache resolve@https://registry.npmjs.org/resolve/-/resolve-2.0.0-next.6.tgz 0ms (cache hit)
544 http cache balanced-match@https://registry.npmjs.org/balanced-match/-/balanced-match-1.0.2.tgz 0ms (cache hit)
545 http cache ignore@https://registry.npmjs.org/ignore/-/ignore-5.3.2.tgz 0ms (cache hit)
546 http cache esbuild@https://registry.npmjs.org/esbuild/-/esbuild-0.27.3.tgz 0ms (cache hit)
547 http cache brace-expansion@https://registry.npmjs.org/brace-expansion/-/brace-expansion-1.1.12.tgz 0ms (cache hit)
548 http cache minimatch@https://registry.npmjs.org/minimatch/-/minimatch-3.1.5.tgz 0ms (cache hit)
549 http cache brace-expansion@https://registry.npmjs.org/brace-expansion/-/brace-expansion-1.1.12.tgz 0ms (cache hit)
550 http cache balanced-match@https://registry.npmjs.org/balanced-match/-/balanced-match-1.0.2.tgz 0ms (cache hit)
551 http cache semver@https://registry.npmjs.org/semver/-/semver-7.7.4.tgz 0ms (cache hit)
552 http cache doctrine@https://registry.npmjs.org/doctrine/-/doctrine-3.0.0.tgz 0ms (cache hit)
553 http cache yaml@https://registry.npmjs.org/yaml/-/yaml-1.10.2.tgz 0ms (cache hit)
554 http cache eslint-visitor-keys@https://registry.npmjs.org/eslint-visitor-keys/-/eslint-visitor-keys-5.0.1.tgz 0ms (cache hit)
555 http cache minimatch@https://registry.npmjs.org/minimatch/-/minimatch-3.1.5.tgz 0ms (cache hit)
556 http cache brace-expansion@https://registry.npmjs.org/brace-expansion/-/brace-expansion-1.1.12.tgz 0ms (cache hit)
557 http cache minimatch@https://registry.npmjs.org/minimatch/-/minimatch-3.1.5.tgz 0ms (cache hit)
558 http cache balanced-match@https://registry.npmjs.org/balanced-match/-/balanced-match-1.0.2.tgz 0ms (cache hit)
559 http cache ignore@https://registry.npmjs.org/ignore/-/ignore-5.3.2.tgz 0ms (cache hit)
560 http cache convert-source-map@https://registry.npmjs.org/convert-source-map/-/convert-source-map-1.9.0.tgz 0ms (cache hit)
561 http cache balanced-match@https://registry.npmjs.org/balanced-match/-/balanced-match-1.0.2.tgz 0ms (cache hit)
562 http cache brace-expansion@https://registry.npmjs.org/brace-expansion/-/brace-expansion-1.1.12.tgz 0ms (cache hit)
563 http cache minimatch@https://registry.npmjs.org/minimatch/-/minimatch-3.1.5.tgz 0ms (cache hit)
564 silly tarball no local data for yocto-queue@https://registry.npmjs.org/yocto-queue/-/yocto-queue-0.1.0.tgz. Extracting by manifest.
565 silly tarball no local data for zod@https://registry.npmjs.org/zod/-/zod-4.3.6.tgz. Extracting by manifest.
566 silly tarball no local data for zod-validation-error@https://registry.npmjs.org/zod-validation-error/-/zod-validation-error-4.0.2.tgz. Extracting by manifest.
567 silly tarball no local data for wrappy@https://registry.npmjs.org/wrappy/-/wrappy-1.0.2.tgz. Extracting by manifest.
568 silly tarball no local data for word-wrap@https://registry.npmjs.org/word-wrap/-/word-wrap-1.2.5.tgz. Extracting by manifest.
569 silly tarball no local data for yallist@https://registry.npmjs.org/yallist/-/yallist-3.1.1.tgz. Extracting by manifest.
570 silly tarball no local data for which-typed-array@https://registry.npmjs.org/which-typed-array/-/which-typed-array-1.1.20.tgz. Extracting by manifest.
571 silly tarball no local data for why-is-node-running@https://registry.npmjs.org/why-is-node-running/-/why-is-node-running-2.3.0.tgz. Extracting by manifest.
572 silly tarball no local data for which-collection@https://registry.npmjs.org/which-collection/-/which-collection-1.0.2.tgz. Extracting by manifest.
573 silly tarball no local data for which-builtin-type@https://registry.npmjs.org/which-builtin-type/-/which-builtin-type-1.2.1.tgz. Extracting by manifest.
574 silly tarball no local data for which-boxed-primitive@https://registry.npmjs.org/which-boxed-primitive/-/which-boxed-primitive-1.1.1.tgz. Extracting by manifest.
575 silly tarball no local data for which@https://registry.npmjs.org/which/-/which-2.0.2.tgz. Extracting by manifest.
576 silly tarball no local data for warning@https://registry.npmjs.org/warning/-/warning-4.0.3.tgz. Extracting by manifest.
577 silly tarball no local data for vitest@https://registry.npmjs.org/vitest/-/vitest-4.0.18.tgz. Extracting by manifest.
578 silly tarball no local data for vite@https://registry.npmjs.org/vite/-/vite-6.3.5.tgz. Extracting by manifest.
579 silly tarball no local data for vaul@https://registry.npmjs.org/vaul/-/vaul-1.1.2.tgz. Extracting by manifest.
580 silly tarball no local data for victory-vendor@https://registry.npmjs.org/victory-vendor/-/victory-vendor-36.9.2.tgz. Extracting by manifest.
581 silly tarball no local data for use-callback-ref@https://registry.npmjs.org/use-callback-ref/-/use-callback-ref-1.3.3.tgz. Extracting by manifest.
582 silly tarball no local data for use-sidecar@https://registry.npmjs.org/use-sidecar/-/use-sidecar-1.1.3.tgz. Extracting by manifest.
583 silly tarball no local data for uri-js@https://registry.npmjs.org/uri-js/-/uri-js-4.4.1.tgz. Extracting by manifest.
584 silly tarball no local data for update-browserslist-db@https://registry.npmjs.org/update-browserslist-db/-/update-browserslist-db-1.2.3.tgz. Extracting by manifest.
585 silly tarball no local data for unbox-primitive@https://registry.npmjs.org/unbox-primitive/-/unbox-primitive-1.1.0.tgz. Extracting by manifest.
586 silly tarball no local data for typescript@https://registry.npmjs.org/typescript/-/typescript-5.9.3.tgz. Extracting by manifest.
587 silly tarball no local data for typed-array-length@https://registry.npmjs.org/typed-array-length/-/typed-array-length-1.0.7.tgz. Extracting by manifest.
588 silly tarball no local data for typed-array-byte-offset@https://registry.npmjs.org/typed-array-byte-offset/-/typed-array-byte-offset-1.0.4.tgz. Extracting by manifest.
589 silly tarball no local data for typed-array-byte-length@https://registry.npmjs.org/typed-array-byte-length/-/typed-array-byte-length-1.0.3.tgz. Extracting by manifest.
590 silly tarball no local data for typed-array-buffer@https://registry.npmjs.org/typed-array-buffer/-/typed-array-buffer-1.0.3.tgz. Extracting by manifest.
591 silly tarball no local data for type-fest@https://registry.npmjs.org/type-fest/-/type-fest-0.20.2.tgz. Extracting by manifest.
592 silly tarball no local data for tw-animate-css@https://registry.npmjs.org/tw-animate-css/-/tw-animate-css-1.3.8.tgz. Extracting by manifest.
593 silly tarball no local data for type-check@https://registry.npmjs.org/type-check/-/type-check-0.4.0.tgz. Extracting by manifest.
594 silly tarball no local data for tslib@https://registry.npmjs.org/tslib/-/tslib-2.8.1.tgz. Extracting by manifest.
595 silly tarball no local data for ts-api-utils@https://registry.npmjs.org/ts-api-utils/-/ts-api-utils-2.4.0.tgz. Extracting by manifest.
596 silly tarball no local data for tinyrainbow@https://registry.npmjs.org/tinyrainbow/-/tinyrainbow-3.0.3.tgz. Extracting by manifest.
597 silly tarball no local data for tinyglobby@https://registry.npmjs.org/tinyglobby/-/tinyglobby-0.2.15.tgz. Extracting by manifest.
598 silly tarball no local data for tinyexec@https://registry.npmjs.org/tinyexec/-/tinyexec-1.0.2.tgz. Extracting by manifest.
599 silly tarball no local data for tinybench@https://registry.npmjs.org/tinybench/-/tinybench-2.9.0.tgz. Extracting by manifest.
600 silly tarball no local data for tiny-invariant@https://registry.npmjs.org/tiny-invariant/-/tiny-invariant-1.3.3.tgz. Extracting by manifest.
601 silly tarball no local data for text-table@https://registry.npmjs.org/text-table/-/text-table-0.2.0.tgz. Extracting by manifest.
602 silly tarball no local data for tar@https://registry.npmjs.org/tar/-/tar-7.5.9.tgz. Extracting by manifest.
603 silly tarball no local data for tapable@https://registry.npmjs.org/tapable/-/tapable-2.3.0.tgz. Extracting by manifest.
604 silly tarball no local data for tailwindcss@https://registry.npmjs.org/tailwindcss/-/tailwindcss-4.1.12.tgz. Extracting by manifest.
605 silly tarball no local data for tailwind-merge@https://registry.npmjs.org/tailwind-merge/-/tailwind-merge-3.2.0.tgz. Extracting by manifest.
606 silly tarball no local data for supports-preserve-symlinks-flag@https://registry.npmjs.org/supports-preserve-symlinks-flag/-/supports-preserve-symlinks-flag-1.0.0.tgz. Extracting by manifest.
607 silly tarball no local data for stylis@https://registry.npmjs.org/stylis/-/stylis-4.2.0.tgz. Extracting by manifest.
608 silly tarball no local data for strip-json-comments@https://registry.npmjs.org/strip-json-comments/-/strip-json-comments-3.1.1.tgz. Extracting by manifest.
609 silly tarball no local data for supports-color@https://registry.npmjs.org/supports-color/-/supports-color-7.2.0.tgz. Extracting by manifest.
610 silly tarball no local data for strip-ansi@https://registry.npmjs.org/strip-ansi/-/strip-ansi-6.0.1.tgz. Extracting by manifest.
611 silly tarball no local data for string.prototype.trimstart@https://registry.npmjs.org/string.prototype.trimstart/-/string.prototype.trimstart-1.0.8.tgz. Extracting by manifest.
612 silly tarball no local data for string.prototype.trim@https://registry.npmjs.org/string.prototype.trim/-/string.prototype.trim-1.2.10.tgz. Extracting by manifest.
613 silly tarball no local data for string.prototype.repeat@https://registry.npmjs.org/string.prototype.repeat/-/string.prototype.repeat-1.0.0.tgz. Extracting by manifest.
614 silly tarball no local data for string.prototype.matchall@https://registry.npmjs.org/string.prototype.matchall/-/string.prototype.matchall-4.0.12.tgz. Extracting by manifest.
615 silly tarball no local data for string.prototype.trimend@https://registry.npmjs.org/string.prototype.trimend/-/string.prototype.trimend-1.0.9.tgz. Extracting by manifest.
616 silly tarball no local data for string-convert@https://registry.npmjs.org/string-convert/-/string-convert-0.2.1.tgz. Extracting by manifest.
617 silly tarball no local data for stop-iteration-iterator@https://registry.npmjs.org/stop-iteration-iterator/-/stop-iteration-iterator-1.1.0.tgz. Extracting by manifest.
618 silly tarball no local data for stackback@https://registry.npmjs.org/stackback/-/stackback-0.0.2.tgz. Extracting by manifest.
619 silly tarball no local data for std-env@https://registry.npmjs.org/std-env/-/std-env-3.10.0.tgz. Extracting by manifest.
620 silly tarball no local data for source-map-js@https://registry.npmjs.org/source-map-js/-/source-map-js-1.2.1.tgz. Extracting by manifest.
621 silly tarball no local data for source-map@https://registry.npmjs.org/source-map/-/source-map-0.5.7.tgz. Extracting by manifest.
622 silly tarball no local data for siginfo@https://registry.npmjs.org/siginfo/-/siginfo-2.0.0.tgz. Extracting by manifest.
623 silly tarball no local data for sonner@https://registry.npmjs.org/sonner/-/sonner-2.0.3.tgz. Extracting by manifest.
624 silly tarball no local data for side-channel-map@https://registry.npmjs.org/side-channel-map/-/side-channel-map-1.0.1.tgz. Extracting by manifest.
625 silly tarball no local data for side-channel-weakmap@https://registry.npmjs.org/side-channel-weakmap/-/side-channel-weakmap-1.0.2.tgz. Extracting by manifest.
626 silly tarball no local data for side-channel-list@https://registry.npmjs.org/side-channel-list/-/side-channel-list-1.0.0.tgz. Extracting by manifest.
627 silly tarball no local data for shebang-regex@https://registry.npmjs.org/shebang-regex/-/shebang-regex-3.0.0.tgz. Extracting by manifest.
628 silly tarball no local data for set-proto@https://registry.npmjs.org/set-proto/-/set-proto-1.0.0.tgz. Extracting by manifest.
629 silly tarball no local data for shebang-command@https://registry.npmjs.org/shebang-command/-/shebang-command-2.0.0.tgz. Extracting by manifest.
630 silly tarball no local data for set-function-name@https://registry.npmjs.org/set-function-name/-/set-function-name-2.0.2.tgz. Extracting by manifest.
631 silly tarball no local data for set-cookie-parser@https://registry.npmjs.org/set-cookie-parser/-/set-cookie-parser-2.7.2.tgz. Extracting by manifest.
632 silly tarball no local data for semver@https://registry.npmjs.org/semver/-/semver-6.3.1.tgz. Extracting by manifest.
633 silly tarball no local data for set-function-length@https://registry.npmjs.org/set-function-length/-/set-function-length-1.2.2.tgz. Extracting by manifest.
634 silly tarball no local data for scheduler@https://registry.npmjs.org/scheduler/-/scheduler-0.23.2.tgz. Extracting by manifest.
635 silly tarball no local data for side-channel@https://registry.npmjs.org/side-channel/-/side-channel-1.1.0.tgz. Extracting by manifest.
636 silly tarball no local data for safe-push-apply@https://registry.npmjs.org/safe-push-apply/-/safe-push-apply-1.0.0.tgz. Extracting by manifest.
637 silly tarball no local data for safe-array-concat@https://registry.npmjs.org/safe-array-concat/-/safe-array-concat-1.1.3.tgz. Extracting by manifest.
638 silly tarball no local data for rollup@https://registry.npmjs.org/rollup/-/rollup-4.57.1.tgz. Extracting by manifest.
639 silly tarball no local data for rimraf@https://registry.npmjs.org/rimraf/-/rimraf-3.0.2.tgz. Extracting by manifest.
640 silly tarball no local data for reusify@https://registry.npmjs.org/reusify/-/reusify-1.1.0.tgz. Extracting by manifest.
641 silly tarball no local data for resolve-from@https://registry.npmjs.org/resolve-from/-/resolve-from-4.0.0.tgz. Extracting by manifest.
642 silly tarball no local data for resize-observer-polyfill@https://registry.npmjs.org/resize-observer-polyfill/-/resize-observer-polyfill-1.5.1.tgz. Extracting by manifest.
643 silly tarball no local data for resolve@https://registry.npmjs.org/resolve/-/resolve-1.22.11.tgz. Extracting by manifest.
644 silly tarball no local data for reflect.getprototypeof@https://registry.npmjs.org/reflect.getprototypeof/-/reflect.getprototypeof-1.0.10.tgz. Extracting by manifest.
645 silly tarball no local data for redux@https://registry.npmjs.org/redux/-/redux-4.2.1.tgz. Extracting by manifest.
646 silly tarball no local data for regexp.prototype.flags@https://registry.npmjs.org/regexp.prototype.flags/-/regexp.prototype.flags-1.5.4.tgz. Extracting by manifest.
647 silly tarball no local data for run-parallel@https://registry.npmjs.org/run-parallel/-/run-parallel-1.2.0.tgz. Extracting by manifest.
648 silly tarball no local data for recharts@https://registry.npmjs.org/recharts/-/recharts-2.15.2.tgz. Extracting by manifest.
649 silly tarball no local data for recharts-scale@https://registry.npmjs.org/recharts-scale/-/recharts-scale-0.4.5.tgz. Extracting by manifest.
650 silly tarball no local data for react-transition-group@https://registry.npmjs.org/react-transition-group/-/react-transition-group-4.4.5.tgz. Extracting by manifest.
651 silly tarball no local data for react-style-singleton@https://registry.npmjs.org/react-style-singleton/-/react-style-singleton-2.2.3.tgz. Extracting by manifest.
652 silly tarball no local data for react-smooth@https://registry.npmjs.org/react-smooth/-/react-smooth-4.0.4.tgz. Extracting by manifest.
653 silly tarball no local data for react-slick@https://registry.npmjs.org/react-slick/-/react-slick-0.31.0.tgz. Extracting by manifest.
654 silly tarball no local data for react-responsive-masonry@https://registry.npmjs.org/react-responsive-masonry/-/react-responsive-masonry-2.7.1.tgz. Extracting by manifest.
655 silly tarball no local data for react-router-dom@https://registry.npmjs.org/react-router-dom/-/react-router-dom-7.13.0.tgz. Extracting by manifest.
656 silly tarball no local data for react-router@https://registry.npmjs.org/react-router/-/react-router-7.13.0.tgz. Extracting by manifest.
657 silly tarball no local data for react-resizable-panels@https://registry.npmjs.org/react-resizable-panels/-/react-resizable-panels-2.1.7.tgz. Extracting by manifest.
658 silly tarball no local data for react-remove-scroll@https://registry.npmjs.org/react-remove-scroll/-/react-remove-scroll-2.7.2.tgz. Extracting by manifest.
659 silly tarball no local data for react-remove-scroll-bar@https://registry.npmjs.org/react-remove-scroll-bar/-/react-remove-scroll-bar-2.3.8.tgz. Extracting by manifest.
660 silly tarball no local data for react-refresh@https://registry.npmjs.org/react-refresh/-/react-refresh-0.17.0.tgz. Extracting by manifest.
661 silly tarball no local data for react-popper@https://registry.npmjs.org/react-popper/-/react-popper-2.3.0.tgz. Extracting by manifest.
662 silly tarball no local data for react-is@https://registry.npmjs.org/react-is/-/react-is-19.2.4.tgz. Extracting by manifest.
663 silly tarball no local data for react-icons@https://registry.npmjs.org/react-icons/-/react-icons-5.5.0.tgz. Extracting by manifest.
664 silly tarball no local data for react-hook-form@https://registry.npmjs.org/react-hook-form/-/react-hook-form-7.55.0.tgz. Extracting by manifest.
665 silly tarball no local data for react-fast-compare@https://registry.npmjs.org/react-fast-compare/-/react-fast-compare-3.2.2.tgz. Extracting by manifest.
666 silly tarball no local data for react-dom@https://registry.npmjs.org/react-dom/-/react-dom-18.3.1.tgz. Extracting by manifest.
667 silly tarball no local data for react-dnd-html5-backend@https://registry.npmjs.org/react-dnd-html5-backend/-/react-dnd-html5-backend-16.0.1.tgz. Extracting by manifest.
668 silly tarball no local data for react-day-picker@https://registry.npmjs.org/react-day-picker/-/react-day-picker-8.10.1.tgz. Extracting by manifest.
669 silly tarball no local data for react-dnd@https://registry.npmjs.org/react-dnd/-/react-dnd-16.0.1.tgz. Extracting by manifest.
670 silly tarball no local data for queue-microtask@https://registry.npmjs.org/queue-microtask/-/queue-microtask-1.2.3.tgz. Extracting by manifest.
671 silly tarball no local data for react@https://registry.npmjs.org/react/-/react-18.3.1.tgz. Extracting by manifest.
672 silly tarball no local data for punycode@https://registry.npmjs.org/punycode/-/punycode-2.3.1.tgz. Extracting by manifest.
673 silly tarball no local data for prettier@https://registry.npmjs.org/prettier/-/prettier-3.8.1.tgz. Extracting by manifest.
674 silly tarball no local data for prop-types@https://registry.npmjs.org/prop-types/-/prop-types-15.8.1.tgz. Extracting by manifest.
675 silly tarball no local data for prelude-ls@https://registry.npmjs.org/prelude-ls/-/prelude-ls-1.2.1.tgz. Extracting by manifest.
676 silly tarball no local data for postcss@https://registry.npmjs.org/postcss/-/postcss-8.5.6.tgz. Extracting by manifest.
677 silly tarball no local data for picomatch@https://registry.npmjs.org/picomatch/-/picomatch-4.0.3.tgz. Extracting by manifest.
678 silly tarball no local data for possible-typed-array-names@https://registry.npmjs.org/possible-typed-array-names/-/possible-typed-array-names-1.1.0.tgz. Extracting by manifest.
679 silly tarball no local data for picocolors@https://registry.npmjs.org/picocolors/-/picocolors-1.1.1.tgz. Extracting by manifest.
680 silly tarball no local data for pathe@https://registry.npmjs.org/pathe/-/pathe-2.0.3.tgz. Extracting by manifest.
681 silly tarball no local data for path-parse@https://registry.npmjs.org/path-parse/-/path-parse-1.0.7.tgz. Extracting by manifest.
682 silly tarball no local data for path-key@https://registry.npmjs.org/path-key/-/path-key-3.1.1.tgz. Extracting by manifest.
683 silly tarball no local data for path-type@https://registry.npmjs.org/path-type/-/path-type-4.0.0.tgz. Extracting by manifest.
684 silly tarball no local data for path-is-absolute@https://registry.npmjs.org/path-is-absolute/-/path-is-absolute-1.0.1.tgz. Extracting by manifest.
685 silly tarball no local data for path-exists@https://registry.npmjs.org/path-exists/-/path-exists-4.0.0.tgz. Extracting by manifest.
686 silly tarball no local data for parse-json@https://registry.npmjs.org/parse-json/-/parse-json-5.2.0.tgz. Extracting by manifest.
687 silly tarball no local data for parent-module@https://registry.npmjs.org/parent-module/-/parent-module-1.0.1.tgz. Extracting by manifest.
688 silly tarball no local data for p-locate@https://registry.npmjs.org/p-locate/-/p-locate-5.0.0.tgz. Extracting by manifest.
689 silly tarball no local data for p-limit@https://registry.npmjs.org/p-limit/-/p-limit-3.1.0.tgz. Extracting by manifest.
690 silly tarball no local data for once@https://registry.npmjs.org/once/-/once-1.4.0.tgz. Extracting by manifest.
691 silly tarball no local data for obug@https://registry.npmjs.org/obug/-/obug-2.1.1.tgz. Extracting by manifest.
692 silly tarball no local data for optionator@https://registry.npmjs.org/optionator/-/optionator-0.9.4.tgz. Extracting by manifest.
693 silly tarball no local data for object.values@https://registry.npmjs.org/object.values/-/object.values-1.2.1.tgz. Extracting by manifest.
694 silly tarball no local data for object.fromentries@https://registry.npmjs.org/object.fromentries/-/object.fromentries-2.0.8.tgz. Extracting by manifest.
695 silly tarball no local data for object.entries@https://registry.npmjs.org/object.entries/-/object.entries-1.1.9.tgz. Extracting by manifest.
696 silly tarball no local data for own-keys@https://registry.npmjs.org/own-keys/-/own-keys-1.0.1.tgz. Extracting by manifest.
697 silly tarball no local data for object.assign@https://registry.npmjs.org/object.assign/-/object.assign-4.1.7.tgz. Extracting by manifest.
698 silly tarball no local data for object-keys@https://registry.npmjs.org/object-keys/-/object-keys-1.1.1.tgz. Extracting by manifest.
699 silly tarball no local data for object-inspect@https://registry.npmjs.org/object-inspect/-/object-inspect-1.13.4.tgz. Extracting by manifest.
700 silly tarball no local data for object-assign@https://registry.npmjs.org/object-assign/-/object-assign-4.1.1.tgz. Extracting by manifest.
701 silly tarball no local data for node-releases@https://registry.npmjs.org/node-releases/-/node-releases-2.0.27.tgz. Extracting by manifest.
702 silly tarball no local data for node-exports-info@https://registry.npmjs.org/node-exports-info/-/node-exports-info-1.6.0.tgz. Extracting by manifest.
703 silly tarball no local data for next-themes@https://registry.npmjs.org/next-themes/-/next-themes-0.4.6.tgz. Extracting by manifest.
704 silly tarball no local data for natural-compare@https://registry.npmjs.org/natural-compare/-/natural-compare-1.4.0.tgz. Extracting by manifest.
705 silly tarball no local data for nanoid@https://registry.npmjs.org/nanoid/-/nanoid-3.3.11.tgz. Extracting by manifest.
706 silly tarball no local data for motion-utils@https://registry.npmjs.org/motion-utils/-/motion-utils-12.29.2.tgz. Extracting by manifest.
707 silly tarball no local data for ms@https://registry.npmjs.org/ms/-/ms-2.1.3.tgz. Extracting by manifest.
708 silly tarball no local data for motion-dom@https://registry.npmjs.org/motion-dom/-/motion-dom-12.34.3.tgz. Extracting by manifest.
709 silly tarball no local data for minizlib@https://registry.npmjs.org/minizlib/-/minizlib-3.1.0.tgz. Extracting by manifest.
710 silly tarball no local data for motion@https://registry.npmjs.org/motion/-/motion-12.23.24.tgz. Extracting by manifest.
711 silly tarball no local data for minimatch@https://registry.npmjs.org/minimatch/-/minimatch-10.2.4.tgz. Extracting by manifest.
712 silly tarball no local data for math-intrinsics@https://registry.npmjs.org/math-intrinsics/-/math-intrinsics-1.1.0.tgz. Extracting by manifest.
713 silly tarball no local data for minipass@https://registry.npmjs.org/minipass/-/minipass-7.1.3.tgz. Extracting by manifest.
714 silly tarball no local data for magic-string@https://registry.npmjs.org/magic-string/-/magic-string-0.30.21.tgz. Extracting by manifest.
715 silly tarball no local data for lucide-react@https://registry.npmjs.org/lucide-react/-/lucide-react-0.487.0.tgz. Extracting by manifest.
716 silly tarball no local data for lru-cache@https://registry.npmjs.org/lru-cache/-/lru-cache-5.1.1.tgz. Extracting by manifest.
717 silly tarball no local data for lodash.merge@https://registry.npmjs.org/lodash.merge/-/lodash.merge-4.6.2.tgz. Extracting by manifest.
718 silly tarball no local data for loose-envify@https://registry.npmjs.org/loose-envify/-/loose-envify-1.4.0.tgz. Extracting by manifest.
719 silly tarball no local data for lodash.debounce@https://registry.npmjs.org/lodash.debounce/-/lodash.debounce-4.0.8.tgz. Extracting by manifest.
720 silly tarball no local data for lodash@https://registry.npmjs.org/lodash/-/lodash-4.17.23.tgz. Extracting by manifest.
721 silly tarball no local data for locate-path@https://registry.npmjs.org/locate-path/-/locate-path-6.0.0.tgz. Extracting by manifest.
722 silly tarball no local data for lines-and-columns@https://registry.npmjs.org/lines-and-columns/-/lines-and-columns-1.2.4.tgz. Extracting by manifest.
723 silly tarball no local data for lightningcss-darwin-arm64@https://registry.npmjs.org/lightningcss-darwin-arm64/-/lightningcss-darwin-arm64-1.30.1.tgz. Extracting by manifest.
724 silly tarball no local data for lightningcss@https://registry.npmjs.org/lightningcss/-/lightningcss-1.30.1.tgz. Extracting by manifest.
725 silly tarball no local data for levn@https://registry.npmjs.org/levn/-/levn-0.4.1.tgz. Extracting by manifest.
726 silly tarball no local data for keyv@https://registry.npmjs.org/keyv/-/keyv-4.5.4.tgz. Extracting by manifest.
727 silly tarball no local data for jsx-ast-utils@https://registry.npmjs.org/jsx-ast-utils/-/jsx-ast-utils-3.3.5.tgz. Extracting by manifest.
728 silly tarball no local data for json5@https://registry.npmjs.org/json5/-/json5-2.2.3.tgz. Extracting by manifest.
729 silly tarball no local data for json-stable-stringify-without-jsonify@https://registry.npmjs.org/json-stable-stringify-without-jsonify/-/json-stable-stringify-without-jsonify-1.0.1.tgz. Extracting by manifest.
730 silly tarball no local data for json-schema-traverse@https://registry.npmjs.org/json-schema-traverse/-/json-schema-traverse-0.4.1.tgz. Extracting by manifest.
731 silly tarball no local data for json2mq@https://registry.npmjs.org/json2mq/-/json2mq-0.2.0.tgz. Extracting by manifest.
732 silly tarball no local data for json-buffer@https://registry.npmjs.org/json-buffer/-/json-buffer-3.0.1.tgz. Extracting by manifest.
733 silly tarball no local data for jsesc@https://registry.npmjs.org/jsesc/-/jsesc-3.1.0.tgz. Extracting by manifest.
734 silly tarball no local data for json-parse-even-better-errors@https://registry.npmjs.org/json-parse-even-better-errors/-/json-parse-even-better-errors-2.3.1.tgz. Extracting by manifest.
735 silly tarball no local data for js-tokens@https://registry.npmjs.org/js-tokens/-/js-tokens-4.0.0.tgz. Extracting by manifest.
736 silly tarball no local data for jiti@https://registry.npmjs.org/jiti/-/jiti-2.6.1.tgz. Extracting by manifest.
737 silly tarball no local data for isexe@https://registry.npmjs.org/isexe/-/isexe-2.0.0.tgz. Extracting by manifest.
738 silly tarball no local data for isarray@https://registry.npmjs.org/isarray/-/isarray-2.0.5.tgz. Extracting by manifest.
739 silly tarball no local data for js-yaml@https://registry.npmjs.org/js-yaml/-/js-yaml-4.1.1.tgz. Extracting by manifest.
740 silly tarball no local data for is-weakref@https://registry.npmjs.org/is-weakref/-/is-weakref-1.1.1.tgz. Extracting by manifest.
741 silly tarball no local data for is-weakset@https://registry.npmjs.org/is-weakset/-/is-weakset-2.0.4.tgz. Extracting by manifest.
742 silly tarball no local data for is-typed-array@https://registry.npmjs.org/is-typed-array/-/is-typed-array-1.1.15.tgz. Extracting by manifest.
743 silly tarball no local data for iterator.prototype@https://registry.npmjs.org/iterator.prototype/-/iterator.prototype-1.1.5.tgz. Extracting by manifest.
744 silly tarball no local data for is-string@https://registry.npmjs.org/is-string/-/is-string-1.1.1.tgz. Extracting by manifest.
745 silly tarball no local data for is-weakmap@https://registry.npmjs.org/is-weakmap/-/is-weakmap-2.0.2.tgz. Extracting by manifest.
746 silly tarball no local data for is-symbol@https://registry.npmjs.org/is-symbol/-/is-symbol-1.1.1.tgz. Extracting by manifest.
747 silly tarball no local data for is-set@https://registry.npmjs.org/is-set/-/is-set-2.0.3.tgz. Extracting by manifest.
748 silly tarball no local data for is-shared-array-buffer@https://registry.npmjs.org/is-shared-array-buffer/-/is-shared-array-buffer-1.0.4.tgz. Extracting by manifest.
749 silly tarball no local data for is-regex@https://registry.npmjs.org/is-regex/-/is-regex-1.2.1.tgz. Extracting by manifest.
750 silly tarball no local data for is-path-inside@https://registry.npmjs.org/is-path-inside/-/is-path-inside-3.0.3.tgz. Extracting by manifest.
751 silly tarball no local data for is-number-object@https://registry.npmjs.org/is-number-object/-/is-number-object-1.1.1.tgz. Extracting by manifest.
752 silly tarball no local data for is-map@https://registry.npmjs.org/is-map/-/is-map-2.0.3.tgz. Extracting by manifest.
753 silly tarball no local data for is-generator-function@https://registry.npmjs.org/is-generator-function/-/is-generator-function-1.1.2.tgz. Extracting by manifest.
754 silly tarball no local data for is-glob@https://registry.npmjs.org/is-glob/-/is-glob-4.0.3.tgz. Extracting by manifest.
755 silly tarball no local data for is-finalizationregistry@https://registry.npmjs.org/is-finalizationregistry/-/is-finalizationregistry-1.1.1.tgz. Extracting by manifest.
756 silly tarball no local data for is-extglob@https://registry.npmjs.org/is-extglob/-/is-extglob-2.1.1.tgz. Extracting by manifest.
757 silly tarball no local data for is-date-object@https://registry.npmjs.org/is-date-object/-/is-date-object-1.1.0.tgz. Extracting by manifest.
758 silly tarball no local data for is-data-view@https://registry.npmjs.org/is-data-view/-/is-data-view-1.0.2.tgz. Extracting by manifest.
759 silly tarball no local data for is-core-module@https://registry.npmjs.org/is-core-module/-/is-core-module-2.16.1.tgz. Extracting by manifest.
760 silly tarball no local data for is-negative-zero@https://registry.npmjs.org/is-negative-zero/-/is-negative-zero-2.0.3.tgz. Extracting by manifest.
761 silly tarball no local data for is-callable@https://registry.npmjs.org/is-callable/-/is-callable-1.2.7.tgz. Extracting by manifest.
762 silly tarball no local data for is-async-function@https://registry.npmjs.org/is-async-function/-/is-async-function-2.1.1.tgz. Extracting by manifest.
763 silly tarball no local data for is-boolean-object@https://registry.npmjs.org/is-boolean-object/-/is-boolean-object-1.2.2.tgz. Extracting by manifest.
764 silly tarball no local data for is-bigint@https://registry.npmjs.org/is-bigint/-/is-bigint-1.1.0.tgz. Extracting by manifest.
765 silly tarball no local data for is-arrayish@https://registry.npmjs.org/is-arrayish/-/is-arrayish-0.2.1.tgz. Extracting by manifest.
766 silly tarball no local data for is-array-buffer@https://registry.npmjs.org/is-array-buffer/-/is-array-buffer-3.0.5.tgz. Extracting by manifest.
767 silly tarball no local data for internmap@https://registry.npmjs.org/internmap/-/internmap-2.0.3.tgz. Extracting by manifest.
768 silly tarball no local data for internal-slot@https://registry.npmjs.org/internal-slot/-/internal-slot-1.1.0.tgz. Extracting by manifest.
769 silly tarball no local data for inherits@https://registry.npmjs.org/inherits/-/inherits-2.0.4.tgz. Extracting by manifest.
770 silly tarball no local data for inflight@https://registry.npmjs.org/inflight/-/inflight-1.0.6.tgz. Extracting by manifest.
771 silly tarball no local data for imurmurhash@https://registry.npmjs.org/imurmurhash/-/imurmurhash-0.1.4.tgz. Extracting by manifest.
772 silly tarball no local data for ignore@https://registry.npmjs.org/ignore/-/ignore-7.0.5.tgz. Extracting by manifest.
773 silly tarball no local data for hoist-non-react-statics@https://registry.npmjs.org/hoist-non-react-statics/-/hoist-non-react-statics-3.3.2.tgz. Extracting by manifest.
774 silly tarball no local data for hermes-parser@https://registry.npmjs.org/hermes-parser/-/hermes-parser-0.25.1.tgz. Extracting by manifest.
775 silly tarball no local data for hermes-estree@https://registry.npmjs.org/hermes-estree/-/hermes-estree-0.25.1.tgz. Extracting by manifest.
776 silly tarball no local data for hasown@https://registry.npmjs.org/hasown/-/hasown-2.0.2.tgz. Extracting by manifest.
777 silly tarball no local data for has-tostringtag@https://registry.npmjs.org/has-tostringtag/-/has-tostringtag-1.0.2.tgz. Extracting by manifest.
778 silly tarball no local data for has-symbols@https://registry.npmjs.org/has-symbols/-/has-symbols-1.1.0.tgz. Extracting by manifest.
779 silly tarball no local data for input-otp@https://registry.npmjs.org/input-otp/-/input-otp-1.4.2.tgz. Extracting by manifest.
780 silly tarball no local data for has-proto@https://registry.npmjs.org/has-proto/-/has-proto-1.2.0.tgz. Extracting by manifest.
781 silly tarball no local data for has-property-descriptors@https://registry.npmjs.org/has-property-descriptors/-/has-property-descriptors-1.0.2.tgz. Extracting by manifest.
782 silly tarball no local data for import-fresh@https://registry.npmjs.org/import-fresh/-/import-fresh-3.3.1.tgz. Extracting by manifest.
783 silly tarball no local data for has-flag@https://registry.npmjs.org/has-flag/-/has-flag-4.0.0.tgz. Extracting by manifest.
784 silly tarball no local data for has-bigints@https://registry.npmjs.org/has-bigints/-/has-bigints-1.1.0.tgz. Extracting by manifest.
785 silly tarball no local data for graphemer@https://registry.npmjs.org/graphemer/-/graphemer-1.4.0.tgz. Extracting by manifest.
786 silly tarball no local data for graceful-fs@https://registry.npmjs.org/graceful-fs/-/graceful-fs-4.2.11.tgz. Extracting by manifest.
787 silly tarball no local data for globalthis@https://registry.npmjs.org/globalthis/-/globalthis-1.0.4.tgz. Extracting by manifest.
788 silly tarball no local data for gopd@https://registry.npmjs.org/gopd/-/gopd-1.2.0.tgz. Extracting by manifest.
789 silly tarball no local data for globals@https://registry.npmjs.org/globals/-/globals-13.24.0.tgz. Extracting by manifest.
790 silly tarball no local data for glob@https://registry.npmjs.org/glob/-/glob-7.2.3.tgz. Extracting by manifest.
791 silly tarball no local data for get-symbol-description@https://registry.npmjs.org/get-symbol-description/-/get-symbol-description-1.1.0.tgz. Extracting by manifest.
792 silly tarball no local data for glob-parent@https://registry.npmjs.org/glob-parent/-/glob-parent-6.0.2.tgz. Extracting by manifest.
793 silly tarball no local data for get-proto@https://registry.npmjs.org/get-proto/-/get-proto-1.0.1.tgz. Extracting by manifest.
794 silly tarball no local data for get-nonce@https://registry.npmjs.org/get-nonce/-/get-nonce-1.0.1.tgz. Extracting by manifest.
795 silly tarball no local data for gensync@https://registry.npmjs.org/gensync/-/gensync-1.0.0-beta.2.tgz. Extracting by manifest.
796 silly tarball no local data for generator-function@https://registry.npmjs.org/generator-function/-/generator-function-2.0.1.tgz. Extracting by manifest.
797 silly tarball no local data for get-intrinsic@https://registry.npmjs.org/get-intrinsic/-/get-intrinsic-1.3.0.tgz. Extracting by manifest.
798 silly tarball no local data for functions-have-names@https://registry.npmjs.org/functions-have-names/-/functions-have-names-1.2.3.tgz. Extracting by manifest.
799 silly tarball no local data for function.prototype.name@https://registry.npmjs.org/function.prototype.name/-/function.prototype.name-1.1.8.tgz. Extracting by manifest.
800 silly tarball no local data for function-bind@https://registry.npmjs.org/function-bind/-/function-bind-1.1.2.tgz. Extracting by manifest.
801 silly tarball no local data for fs.realpath@https://registry.npmjs.org/fs.realpath/-/fs.realpath-1.0.0.tgz. Extracting by manifest.
802 silly tarball no local data for fsevents@https://registry.npmjs.org/fsevents/-/fsevents-2.3.3.tgz. Extracting by manifest.
803 silly tarball no local data for framer-motion@https://registry.npmjs.org/framer-motion/-/framer-motion-12.34.3.tgz. Extracting by manifest.
804 silly tarball no local data for for-each@https://registry.npmjs.org/for-each/-/for-each-0.3.5.tgz. Extracting by manifest.
805 silly tarball no local data for flatted@https://registry.npmjs.org/flatted/-/flatted-3.3.3.tgz. Extracting by manifest.
806 silly tarball no local data for flat-cache@https://registry.npmjs.org/flat-cache/-/flat-cache-3.2.0.tgz. Extracting by manifest.
807 silly tarball no local data for find-root@https://registry.npmjs.org/find-root/-/find-root-1.1.0.tgz. Extracting by manifest.
808 silly tarball no local data for file-entry-cache@https://registry.npmjs.org/file-entry-cache/-/file-entry-cache-6.0.1.tgz. Extracting by manifest.
809 silly tarball no local data for find-up@https://registry.npmjs.org/find-up/-/find-up-5.0.0.tgz. Extracting by manifest.
810 silly tarball no local data for fastq@https://registry.npmjs.org/fastq/-/fastq-1.20.1.tgz. Extracting by manifest.
811 silly tarball no local data for fast-levenshtein@https://registry.npmjs.org/fast-levenshtein/-/fast-levenshtein-2.0.6.tgz. Extracting by manifest.
812 silly tarball no local data for fast-json-stable-stringify@https://registry.npmjs.org/fast-json-stable-stringify/-/fast-json-stable-stringify-2.1.0.tgz. Extracting by manifest.
813 silly tarball no local data for fast-equals@https://registry.npmjs.org/fast-equals/-/fast-equals-5.4.0.tgz. Extracting by manifest.
814 silly tarball no local data for expect-type@https://registry.npmjs.org/expect-type/-/expect-type-1.3.0.tgz. Extracting by manifest.
815 silly tarball no local data for fast-deep-equal@https://registry.npmjs.org/fast-deep-equal/-/fast-deep-equal-3.1.3.tgz. Extracting by manifest.
816 silly tarball no local data for eventemitter3@https://registry.npmjs.org/eventemitter3/-/eventemitter3-4.0.7.tgz. Extracting by manifest.
817 silly tarball no local data for esutils@https://registry.npmjs.org/esutils/-/esutils-2.0.3.tgz. Extracting by manifest.
818 silly tarball no local data for fdir@https://registry.npmjs.org/fdir/-/fdir-6.5.0.tgz. Extracting by manifest.
819 silly tarball no local data for estree-walker@https://registry.npmjs.org/estree-walker/-/estree-walker-3.0.3.tgz. Extracting by manifest.
820 silly tarball no local data for estraverse@https://registry.npmjs.org/estraverse/-/estraverse-5.3.0.tgz. Extracting by manifest.
821 silly tarball no local data for esrecurse@https://registry.npmjs.org/esrecurse/-/esrecurse-4.3.0.tgz. Extracting by manifest.
822 silly tarball no local data for espree@https://registry.npmjs.org/espree/-/espree-9.6.1.tgz. Extracting by manifest.
823 silly tarball no local data for esquery@https://registry.npmjs.org/esquery/-/esquery-1.7.0.tgz. Extracting by manifest.
824 silly tarball no local data for eslint-visitor-keys@https://registry.npmjs.org/eslint-visitor-keys/-/eslint-visitor-keys-3.4.3.tgz. Extracting by manifest.
825 silly tarball no local data for eslint-plugin-react@https://registry.npmjs.org/eslint-plugin-react/-/eslint-plugin-react-7.37.5.tgz. Extracting by manifest.
826 silly tarball no local data for eslint-plugin-react-hooks@https://registry.npmjs.org/eslint-plugin-react-hooks/-/eslint-plugin-react-hooks-7.0.1.tgz. Extracting by manifest.
827 silly tarball no local data for eslint-scope@https://registry.npmjs.org/eslint-scope/-/eslint-scope-7.2.2.tgz. Extracting by manifest.
828 silly tarball no local data for escape-string-regexp@https://registry.npmjs.org/escape-string-regexp/-/escape-string-regexp-4.0.0.tgz. Extracting by manifest.
829 silly tarball no local data for escalade@https://registry.npmjs.org/escalade/-/escalade-3.2.0.tgz. Extracting by manifest.
830 silly tarball no local data for esbuild@https://registry.npmjs.org/esbuild/-/esbuild-0.25.12.tgz. Extracting by manifest.
831 silly tarball no local data for eslint@https://registry.npmjs.org/eslint/-/eslint-8.57.1.tgz. Extracting by manifest.
832 silly tarball no local data for es-to-primitive@https://registry.npmjs.org/es-to-primitive/-/es-to-primitive-1.3.0.tgz. Extracting by manifest.
833 silly tarball no local data for es-shim-unscopables@https://registry.npmjs.org/es-shim-unscopables/-/es-shim-unscopables-1.1.0.tgz. Extracting by manifest.
834 silly tarball no local data for es-set-tostringtag@https://registry.npmjs.org/es-set-tostringtag/-/es-set-tostringtag-2.1.0.tgz. Extracting by manifest.
835 silly tarball no local data for es-object-atoms@https://registry.npmjs.org/es-object-atoms/-/es-object-atoms-1.1.1.tgz. Extracting by manifest.
836 silly tarball no local data for es-module-lexer@https://registry.npmjs.org/es-module-lexer/-/es-module-lexer-1.7.0.tgz. Extracting by manifest.
837 silly tarball no local data for es-iterator-helpers@https://registry.npmjs.org/es-iterator-helpers/-/es-iterator-helpers-1.2.2.tgz. Extracting by manifest.
838 silly tarball no local data for es-errors@https://registry.npmjs.org/es-errors/-/es-errors-1.3.0.tgz. Extracting by manifest.
839 silly tarball no local data for es-abstract@https://registry.npmjs.org/es-abstract/-/es-abstract-1.24.1.tgz. Extracting by manifest.
840 silly tarball no local data for enhanced-resolve@https://registry.npmjs.org/enhanced-resolve/-/enhanced-resolve-5.19.0.tgz. Extracting by manifest.
841 silly tarball no local data for error-ex@https://registry.npmjs.org/error-ex/-/error-ex-1.3.4.tgz. Extracting by manifest.
842 silly tarball no local data for embla-carousel-reactive-utils@https://registry.npmjs.org/embla-carousel-reactive-utils/-/embla-carousel-reactive-utils-8.6.0.tgz. Extracting by manifest.
843 silly tarball no local data for embla-carousel-react@https://registry.npmjs.org/embla-carousel-react/-/embla-carousel-react-8.6.0.tgz. Extracting by manifest.
844 silly tarball no local data for es-define-property@https://registry.npmjs.org/es-define-property/-/es-define-property-1.0.1.tgz. Extracting by manifest.
845 silly tarball no local data for embla-carousel@https://registry.npmjs.org/embla-carousel/-/embla-carousel-8.6.0.tgz. Extracting by manifest.
846 silly tarball no local data for electron-to-chromium@https://registry.npmjs.org/electron-to-chromium/-/electron-to-chromium-1.5.286.tgz. Extracting by manifest.
847 silly tarball no local data for dom-helpers@https://registry.npmjs.org/dom-helpers/-/dom-helpers-5.2.1.tgz. Extracting by manifest.
848 silly tarball no local data for dunder-proto@https://registry.npmjs.org/dunder-proto/-/dunder-proto-1.0.1.tgz. Extracting by manifest.
849 silly tarball no local data for doctrine@https://registry.npmjs.org/doctrine/-/doctrine-2.1.0.tgz. Extracting by manifest.
850 silly tarball no local data for dnd-core@https://registry.npmjs.org/dnd-core/-/dnd-core-16.0.1.tgz. Extracting by manifest.
851 silly tarball no local data for detect-node-es@https://registry.npmjs.org/detect-node-es/-/detect-node-es-1.1.0.tgz. Extracting by manifest.
852 silly tarball no local data for define-properties@https://registry.npmjs.org/define-properties/-/define-properties-1.2.1.tgz. Extracting by manifest.
853 silly tarball no local data for detect-libc@https://registry.npmjs.org/detect-libc/-/detect-libc-2.1.2.tgz. Extracting by manifest.
854 silly tarball no local data for define-data-property@https://registry.npmjs.org/define-data-property/-/define-data-property-1.1.4.tgz. Extracting by manifest.
855 silly tarball no local data for deep-is@https://registry.npmjs.org/deep-is/-/deep-is-0.1.4.tgz. Extracting by manifest.
856 silly tarball no local data for debug@https://registry.npmjs.org/debug/-/debug-4.4.3.tgz. Extracting by manifest.
857 silly tarball no local data for decimal.js-light@https://registry.npmjs.org/decimal.js-light/-/decimal.js-light-2.5.1.tgz. Extracting by manifest.
858 silly tarball no local data for date-fns@https://registry.npmjs.org/date-fns/-/date-fns-3.6.0.tgz. Extracting by manifest.
859 silly tarball no local data for data-view-byte-length@https://registry.npmjs.org/data-view-byte-length/-/data-view-byte-length-1.0.2.tgz. Extracting by manifest.
860 silly tarball no local data for data-view-byte-offset@https://registry.npmjs.org/data-view-byte-offset/-/data-view-byte-offset-1.0.1.tgz. Extracting by manifest.
861 silly tarball no local data for data-view-buffer@https://registry.npmjs.org/data-view-buffer/-/data-view-buffer-1.0.2.tgz. Extracting by manifest.
862 silly tarball no local data for d3-timer@https://registry.npmjs.org/d3-timer/-/d3-timer-3.0.1.tgz. Extracting by manifest.
863 silly tarball no local data for d3-time-format@https://registry.npmjs.org/d3-time-format/-/d3-time-format-4.1.0.tgz. Extracting by manifest.
864 silly tarball no local data for d3-time@https://registry.npmjs.org/d3-time/-/d3-time-3.1.0.tgz. Extracting by manifest.
865 silly tarball no local data for d3-shape@https://registry.npmjs.org/d3-shape/-/d3-shape-3.2.0.tgz. Extracting by manifest.
866 silly tarball no local data for d3-scale@https://registry.npmjs.org/d3-scale/-/d3-scale-4.0.2.tgz. Extracting by manifest.
867 silly tarball no local data for d3-path@https://registry.npmjs.org/d3-path/-/d3-path-3.1.0.tgz. Extracting by manifest.
868 silly tarball no local data for d3-format@https://registry.npmjs.org/d3-format/-/d3-format-3.1.2.tgz. Extracting by manifest.
869 silly tarball no local data for d3-ease@https://registry.npmjs.org/d3-ease/-/d3-ease-3.0.1.tgz. Extracting by manifest.
870 silly tarball no local data for d3-interpolate@https://registry.npmjs.org/d3-interpolate/-/d3-interpolate-3.0.1.tgz. Extracting by manifest.
871 silly tarball no local data for d3-color@https://registry.npmjs.org/d3-color/-/d3-color-3.1.0.tgz. Extracting by manifest.
872 silly tarball no local data for d3-array@https://registry.npmjs.org/d3-array/-/d3-array-3.2.4.tgz. Extracting by manifest.
873 silly tarball no local data for cross-spawn@https://registry.npmjs.org/cross-spawn/-/cross-spawn-7.0.6.tgz. Extracting by manifest.
874 silly tarball no local data for csstype@https://registry.npmjs.org/csstype/-/csstype-3.2.3.tgz. Extracting by manifest.
875 silly tarball no local data for cosmiconfig@https://registry.npmjs.org/cosmiconfig/-/cosmiconfig-7.1.0.tgz. Extracting by manifest.
876 silly tarball no local data for cookie@https://registry.npmjs.org/cookie/-/cookie-1.1.1.tgz. Extracting by manifest.
877 silly tarball no local data for convert-source-map@https://registry.npmjs.org/convert-source-map/-/convert-source-map-2.0.0.tgz. Extracting by manifest.
878 silly tarball no local data for concat-map@https://registry.npmjs.org/concat-map/-/concat-map-0.0.1.tgz. Extracting by manifest.
879 silly tarball no local data for color-name@https://registry.npmjs.org/color-name/-/color-name-1.1.4.tgz. Extracting by manifest.
880 silly tarball no local data for cmdk@https://registry.npmjs.org/cmdk/-/cmdk-1.1.1.tgz. Extracting by manifest.
881 silly tarball no local data for clsx@https://registry.npmjs.org/clsx/-/clsx-2.1.1.tgz. Extracting by manifest.
882 silly tarball no local data for color-convert@https://registry.npmjs.org/color-convert/-/color-convert-2.0.1.tgz. Extracting by manifest.
883 silly tarball no local data for classnames@https://registry.npmjs.org/classnames/-/classnames-2.5.1.tgz. Extracting by manifest.
884 silly tarball no local data for chownr@https://registry.npmjs.org/chownr/-/chownr-3.0.0.tgz. Extracting by manifest.
885 silly tarball no local data for chalk@https://registry.npmjs.org/chalk/-/chalk-4.1.2.tgz. Extracting by manifest.
886 silly tarball no local data for chai@https://registry.npmjs.org/chai/-/chai-6.2.2.tgz. Extracting by manifest.
887 silly tarball no local data for callsites@https://registry.npmjs.org/callsites/-/callsites-3.1.0.tgz. Extracting by manifest.
888 silly tarball no local data for call-bound@https://registry.npmjs.org/call-bound/-/call-bound-1.0.4.tgz. Extracting by manifest.
889 silly tarball no local data for call-bind@https://registry.npmjs.org/call-bind/-/call-bind-1.0.8.tgz. Extracting by manifest.
890 silly tarball no local data for brace-expansion@https://registry.npmjs.org/brace-expansion/-/brace-expansion-5.0.3.tgz. Extracting by manifest.
891 silly tarball no local data for baseline-browser-mapping@https://registry.npmjs.org/baseline-browser-mapping/-/baseline-browser-mapping-2.9.19.tgz. Extracting by manifest.
892 silly tarball no local data for babel-plugin-macros@https://registry.npmjs.org/babel-plugin-macros/-/babel-plugin-macros-3.1.0.tgz. Extracting by manifest.
893 silly tarball no local data for available-typed-arrays@https://registry.npmjs.org/available-typed-arrays/-/available-typed-arrays-1.0.7.tgz. Extracting by manifest.
894 silly tarball no local data for class-variance-authority@https://registry.npmjs.org/class-variance-authority/-/class-variance-authority-0.7.1.tgz. Extracting by manifest.
895 silly tarball no local data for balanced-match@https://registry.npmjs.org/balanced-match/-/balanced-match-4.0.4.tgz. Extracting by manifest.
896 silly tarball no local data for arraybuffer.prototype.slice@https://registry.npmjs.org/arraybuffer.prototype.slice/-/arraybuffer.prototype.slice-1.0.4.tgz. Extracting by manifest.
897 silly tarball no local data for browserslist@https://registry.npmjs.org/browserslist/-/browserslist-4.28.1.tgz. Extracting by manifest.
898 silly tarball no local data for assertion-error@https://registry.npmjs.org/assertion-error/-/assertion-error-2.0.1.tgz. Extracting by manifest.
899 silly tarball no local data for array.prototype.flatmap@https://registry.npmjs.org/array.prototype.flatmap/-/array.prototype.flatmap-1.3.3.tgz. Extracting by manifest.
900 silly tarball no local data for array.prototype.tosorted@https://registry.npmjs.org/array.prototype.tosorted/-/array.prototype.tosorted-1.1.4.tgz. Extracting by manifest.
901 silly tarball no local data for call-bind-apply-helpers@https://registry.npmjs.org/call-bind-apply-helpers/-/call-bind-apply-helpers-1.0.2.tgz. Extracting by manifest.
902 silly tarball no local data for caniuse-lite@https://registry.npmjs.org/caniuse-lite/-/caniuse-lite-1.0.30001770.tgz. Extracting by manifest.
903 silly tarball no local data for array.prototype.findlast@https://registry.npmjs.org/array.prototype.findlast/-/array.prototype.findlast-1.2.5.tgz. Extracting by manifest.
904 silly tarball no local data for aria-hidden@https://registry.npmjs.org/aria-hidden/-/aria-hidden-1.2.6.tgz. Extracting by manifest.
905 silly tarball no local data for array.prototype.flat@https://registry.npmjs.org/array.prototype.flat/-/array.prototype.flat-1.3.3.tgz. Extracting by manifest.
906 silly tarball no local data for array-includes@https://registry.npmjs.org/array-includes/-/array-includes-3.1.9.tgz. Extracting by manifest.
907 silly tarball no local data for argparse@https://registry.npmjs.org/argparse/-/argparse-2.0.1.tgz. Extracting by manifest.
908 silly tarball no local data for ansi-styles@https://registry.npmjs.org/ansi-styles/-/ansi-styles-4.3.0.tgz. Extracting by manifest.
909 silly tarball no local data for ansi-regex@https://registry.npmjs.org/ansi-regex/-/ansi-regex-5.0.1.tgz. Extracting by manifest.
910 silly tarball no local data for ajv@https://registry.npmjs.org/ajv/-/ajv-6.14.0.tgz. Extracting by manifest.
911 silly tarball no local data for acorn-jsx@https://registry.npmjs.org/acorn-jsx/-/acorn-jsx-5.3.2.tgz. Extracting by manifest.
912 silly tarball no local data for array-buffer-byte-length@https://registry.npmjs.org/array-buffer-byte-length/-/array-buffer-byte-length-1.0.2.tgz. Extracting by manifest.
913 silly tarball no local data for acorn@https://registry.npmjs.org/acorn/-/acorn-8.16.0.tgz. Extracting by manifest.
914 silly tarball no local data for @vitest/utils@https://registry.npmjs.org/@vitest/utils/-/utils-4.0.18.tgz. Extracting by manifest.
915 silly tarball no local data for @vitest/spy@https://registry.npmjs.org/@vitest/spy/-/spy-4.0.18.tgz. Extracting by manifest.
916 silly tarball no local data for @vitest/snapshot@https://registry.npmjs.org/@vitest/snapshot/-/snapshot-4.0.18.tgz. Extracting by manifest.
917 silly tarball no local data for @vitest/runner@https://registry.npmjs.org/@vitest/runner/-/runner-4.0.18.tgz. Extracting by manifest.
918 silly tarball no local data for @vitest/expect@https://registry.npmjs.org/@vitest/expect/-/expect-4.0.18.tgz. Extracting by manifest.
919 silly tarball no local data for @vitest/pretty-format@https://registry.npmjs.org/@vitest/pretty-format/-/pretty-format-4.0.18.tgz. Extracting by manifest.
920 silly tarball no local data for @vitejs/plugin-react@https://registry.npmjs.org/@vitejs/plugin-react/-/plugin-react-4.7.0.tgz. Extracting by manifest.
921 silly tarball no local data for @ungap/structured-clone@https://registry.npmjs.org/@ungap/structured-clone/-/structured-clone-1.3.0.tgz. Extracting by manifest.
922 silly tarball no local data for @typescript-eslint/visitor-keys@https://registry.npmjs.org/@typescript-eslint/visitor-keys/-/visitor-keys-8.56.1.tgz. Extracting by manifest.
923 silly tarball no local data for @typescript-eslint/utils@https://registry.npmjs.org/@typescript-eslint/utils/-/utils-8.56.1.tgz. Extracting by manifest.
924 silly tarball no local data for async-function@https://registry.npmjs.org/async-function/-/async-function-1.0.0.tgz. Extracting by manifest.
925 silly tarball no local data for @typescript-eslint/typescript-estree@https://registry.npmjs.org/@typescript-eslint/typescript-estree/-/typescript-estree-8.56.1.tgz. Extracting by manifest.
926 silly tarball no local data for @typescript-eslint/types@https://registry.npmjs.org/@typescript-eslint/types/-/types-8.56.1.tgz. Extracting by manifest.
927 silly tarball no local data for @typescript-eslint/tsconfig-utils@https://registry.npmjs.org/@typescript-eslint/tsconfig-utils/-/tsconfig-utils-8.56.1.tgz. Extracting by manifest.
928 silly tarball no local data for @typescript-eslint/scope-manager@https://registry.npmjs.org/@typescript-eslint/scope-manager/-/scope-manager-8.56.1.tgz. Extracting by manifest.
929 silly tarball no local data for @typescript-eslint/project-service@https://registry.npmjs.org/@typescript-eslint/project-service/-/project-service-8.56.1.tgz. Extracting by manifest.
930 silly tarball no local data for @typescript-eslint/type-utils@https://registry.npmjs.org/@typescript-eslint/type-utils/-/type-utils-8.56.1.tgz. Extracting by manifest.
931 silly tarball no local data for @typescript-eslint/eslint-plugin@https://registry.npmjs.org/@typescript-eslint/eslint-plugin/-/eslint-plugin-8.56.1.tgz. Extracting by manifest.
932 silly tarball no local data for @types/react-transition-group@https://registry.npmjs.org/@types/react-transition-group/-/react-transition-group-4.4.12.tgz. Extracting by manifest.
933 silly tarball no local data for @types/react@https://registry.npmjs.org/@types/react/-/react-18.3.28.tgz. Extracting by manifest.
934 silly tarball no local data for @types/prop-types@https://registry.npmjs.org/@types/prop-types/-/prop-types-15.7.15.tgz. Extracting by manifest.
935 silly tarball no local data for @types/deep-eql@https://registry.npmjs.org/@types/deep-eql/-/deep-eql-4.0.2.tgz. Extracting by manifest.
936 silly tarball no local data for @types/parse-json@https://registry.npmjs.org/@types/parse-json/-/parse-json-4.0.2.tgz. Extracting by manifest.
937 silly tarball no local data for @types/react-dom@https://registry.npmjs.org/@types/react-dom/-/react-dom-18.3.7.tgz. Extracting by manifest.
938 silly tarball no local data for @types/d3-time@https://registry.npmjs.org/@types/d3-time/-/d3-time-3.0.4.tgz. Extracting by manifest.
939 silly tarball no local data for @types/d3-timer@https://registry.npmjs.org/@types/d3-timer/-/d3-timer-3.0.2.tgz. Extracting by manifest.
940 silly tarball no local data for @types/d3-shape@https://registry.npmjs.org/@types/d3-shape/-/d3-shape-3.1.8.tgz. Extracting by manifest.
941 silly tarball no local data for @types/d3-scale@https://registry.npmjs.org/@types/d3-scale/-/d3-scale-4.0.9.tgz. Extracting by manifest.
942 silly tarball no local data for @typescript-eslint/parser@https://registry.npmjs.org/@typescript-eslint/parser/-/parser-8.56.1.tgz. Extracting by manifest.
943 silly tarball no local data for @types/estree@https://registry.npmjs.org/@types/estree/-/estree-1.0.8.tgz. Extracting by manifest.
944 silly tarball no local data for @types/d3-interpolate@https://registry.npmjs.org/@types/d3-interpolate/-/d3-interpolate-3.0.4.tgz. Extracting by manifest.
945 silly tarball no local data for @types/d3-color@https://registry.npmjs.org/@types/d3-color/-/d3-color-3.1.3.tgz. Extracting by manifest.
946 silly tarball no local data for @types/d3-array@https://registry.npmjs.org/@types/d3-array/-/d3-array-3.2.2.tgz. Extracting by manifest.
947 silly tarball no local data for @types/babel__traverse@https://registry.npmjs.org/@types/babel__traverse/-/babel__traverse-7.28.0.tgz. Extracting by manifest.
948 silly tarball no local data for @types/d3-ease@https://registry.npmjs.org/@types/d3-ease/-/d3-ease-3.0.2.tgz. Extracting by manifest.
949 silly tarball no local data for @types/d3-path@https://registry.npmjs.org/@types/d3-path/-/d3-path-3.1.1.tgz. Extracting by manifest.
950 silly tarball no local data for @types/babel__template@https://registry.npmjs.org/@types/babel__template/-/babel__template-7.4.4.tgz. Extracting by manifest.
951 silly tarball no local data for @types/chai@https://registry.npmjs.org/@types/chai/-/chai-5.2.3.tgz. Extracting by manifest.
952 silly tarball no local data for @types/babel__core@https://registry.npmjs.org/@types/babel__core/-/babel__core-7.20.5.tgz. Extracting by manifest.
953 silly tarball no local data for @types/babel__generator@https://registry.npmjs.org/@types/babel__generator/-/babel__generator-7.27.0.tgz. Extracting by manifest.
954 silly tarball no local data for @tailwindcss/vite@https://registry.npmjs.org/@tailwindcss/vite/-/vite-4.1.12.tgz. Extracting by manifest.
955 silly tarball no local data for @tailwindcss/oxide-darwin-arm64@https://registry.npmjs.org/@tailwindcss/oxide-darwin-arm64/-/oxide-darwin-arm64-4.1.12.tgz. Extracting by manifest.
956 silly tarball no local data for @tailwindcss/node@https://registry.npmjs.org/@tailwindcss/node/-/node-4.1.12.tgz. Extracting by manifest.
957 silly tarball no local data for @tailwindcss/oxide@https://registry.npmjs.org/@tailwindcss/oxide/-/oxide-4.1.12.tgz. Extracting by manifest.
958 silly tarball no local data for @standard-schema/spec@https://registry.npmjs.org/@standard-schema/spec/-/spec-1.1.0.tgz. Extracting by manifest.
959 silly tarball no local data for @rollup/rollup-darwin-arm64@https://registry.npmjs.org/@rollup/rollup-darwin-arm64/-/rollup-darwin-arm64-4.57.1.tgz. Extracting by manifest.
960 silly tarball no local data for @rolldown/pluginutils@https://registry.npmjs.org/@rolldown/pluginutils/-/pluginutils-1.0.0-beta.27.tgz. Extracting by manifest.
961 silly tarball no local data for @react-dnd/shallowequal@https://registry.npmjs.org/@react-dnd/shallowequal/-/shallowequal-4.0.2.tgz. Extracting by manifest.
962 silly tarball no local data for @react-dnd/asap@https://registry.npmjs.org/@react-dnd/asap/-/asap-5.0.2.tgz. Extracting by manifest.
963 silly tarball no local data for @react-dnd/invariant@https://registry.npmjs.org/@react-dnd/invariant/-/invariant-4.0.2.tgz. Extracting by manifest.
964 silly tarball no local data for @radix-ui/rect@https://registry.npmjs.org/@radix-ui/rect/-/rect-1.1.0.tgz. Extracting by manifest.
965 silly tarball no local data for @radix-ui/react-visually-hidden@https://registry.npmjs.org/@radix-ui/react-visually-hidden/-/react-visually-hidden-1.1.2.tgz. Extracting by manifest.
966 silly tarball no local data for @radix-ui/react-use-size@https://registry.npmjs.org/@radix-ui/react-use-size/-/react-use-size-1.1.0.tgz. Extracting by manifest.
967 silly tarball no local data for @radix-ui/react-use-rect@https://registry.npmjs.org/@radix-ui/react-use-rect/-/react-use-rect-1.1.0.tgz. Extracting by manifest.
968 silly tarball no local data for @radix-ui/react-use-previous@https://registry.npmjs.org/@radix-ui/react-use-previous/-/react-use-previous-1.1.0.tgz. Extracting by manifest.
969 silly tarball no local data for @radix-ui/react-use-layout-effect@https://registry.npmjs.org/@radix-ui/react-use-layout-effect/-/react-use-layout-effect-1.1.0.tgz. Extracting by manifest.
970 silly tarball no local data for @radix-ui/react-use-escape-keydown@https://registry.npmjs.org/@radix-ui/react-use-escape-keydown/-/react-use-escape-keydown-1.1.0.tgz. Extracting by manifest.
971 silly tarball no local data for @radix-ui/react-use-controllable-state@https://registry.npmjs.org/@radix-ui/react-use-controllable-state/-/react-use-controllable-state-1.1.0.tgz. Extracting by manifest.
972 silly tarball no local data for @radix-ui/react-use-callback-ref@https://registry.npmjs.org/@radix-ui/react-use-callback-ref/-/react-use-callback-ref-1.1.0.tgz. Extracting by manifest.
973 silly tarball no local data for @radix-ui/react-tooltip@https://registry.npmjs.org/@radix-ui/react-tooltip/-/react-tooltip-1.1.8.tgz. Extracting by manifest.
974 silly tarball no local data for @radix-ui/react-toggle-group@https://registry.npmjs.org/@radix-ui/react-toggle-group/-/react-toggle-group-1.1.2.tgz. Extracting by manifest.
975 silly tarball no local data for @radix-ui/react-toggle@https://registry.npmjs.org/@radix-ui/react-toggle/-/react-toggle-1.1.2.tgz. Extracting by manifest.
976 silly tarball no local data for @radix-ui/react-tabs@https://registry.npmjs.org/@radix-ui/react-tabs/-/react-tabs-1.1.3.tgz. Extracting by manifest.
977 silly tarball no local data for @radix-ui/react-switch@https://registry.npmjs.org/@radix-ui/react-switch/-/react-switch-1.1.3.tgz. Extracting by manifest.
978 silly tarball no local data for @radix-ui/react-slot@https://registry.npmjs.org/@radix-ui/react-slot/-/react-slot-1.1.2.tgz. Extracting by manifest.
979 silly tarball no local data for @radix-ui/react-slider@https://registry.npmjs.org/@radix-ui/react-slider/-/react-slider-1.2.3.tgz. Extracting by manifest.
980 silly tarball no local data for @radix-ui/react-separator@https://registry.npmjs.org/@radix-ui/react-separator/-/react-separator-1.1.2.tgz. Extracting by manifest.
981 silly tarball no local data for @radix-ui/react-select@https://registry.npmjs.org/@radix-ui/react-select/-/react-select-2.1.6.tgz. Extracting by manifest.
982 silly tarball no local data for @radix-ui/react-scroll-area@https://registry.npmjs.org/@radix-ui/react-scroll-area/-/react-scroll-area-1.2.3.tgz. Extracting by manifest.
983 silly tarball no local data for @radix-ui/react-roving-focus@https://registry.npmjs.org/@radix-ui/react-roving-focus/-/react-roving-focus-1.1.2.tgz. Extracting by manifest.
984 silly tarball no local data for @radix-ui/react-radio-group@https://registry.npmjs.org/@radix-ui/react-radio-group/-/react-radio-group-1.2.3.tgz. Extracting by manifest.
985 silly tarball no local data for @radix-ui/react-progress@https://registry.npmjs.org/@radix-ui/react-progress/-/react-progress-1.1.2.tgz. Extracting by manifest.
986 silly tarball no local data for @radix-ui/react-primitive@https://registry.npmjs.org/@radix-ui/react-primitive/-/react-primitive-2.0.2.tgz. Extracting by manifest.
987 silly tarball no local data for @radix-ui/react-popover@https://registry.npmjs.org/@radix-ui/react-popover/-/react-popover-1.1.6.tgz. Extracting by manifest.
988 silly tarball no local data for @radix-ui/react-portal@https://registry.npmjs.org/@radix-ui/react-portal/-/react-portal-1.1.4.tgz. Extracting by manifest.
989 silly tarball no local data for @radix-ui/react-popper@https://registry.npmjs.org/@radix-ui/react-popper/-/react-popper-1.2.2.tgz. Extracting by manifest.
990 silly tarball no local data for @radix-ui/react-menubar@https://registry.npmjs.org/@radix-ui/react-menubar/-/react-menubar-1.1.6.tgz. Extracting by manifest.
991 silly tarball no local data for @radix-ui/react-navigation-menu@https://registry.npmjs.org/@radix-ui/react-navigation-menu/-/react-navigation-menu-1.2.5.tgz. Extracting by manifest.
992 silly tarball no local data for @radix-ui/react-label@https://registry.npmjs.org/@radix-ui/react-label/-/react-label-2.1.2.tgz. Extracting by manifest.
993 silly tarball no local data for @radix-ui/react-menu@https://registry.npmjs.org/@radix-ui/react-menu/-/react-menu-2.1.6.tgz. Extracting by manifest.
994 silly tarball no local data for @radix-ui/react-hover-card@https://registry.npmjs.org/@radix-ui/react-hover-card/-/react-hover-card-1.1.6.tgz. Extracting by manifest.
995 silly tarball no local data for @radix-ui/react-presence@https://registry.npmjs.org/@radix-ui/react-presence/-/react-presence-1.1.2.tgz. Extracting by manifest.
996 silly tarball no local data for @radix-ui/react-focus-guards@https://registry.npmjs.org/@radix-ui/react-focus-guards/-/react-focus-guards-1.1.1.tgz. Extracting by manifest.
997 silly tarball no local data for @radix-ui/react-focus-scope@https://registry.npmjs.org/@radix-ui/react-focus-scope/-/react-focus-scope-1.1.2.tgz. Extracting by manifest.
998 silly tarball no local data for @radix-ui/react-dropdown-menu@https://registry.npmjs.org/@radix-ui/react-dropdown-menu/-/react-dropdown-menu-2.1.6.tgz. Extracting by manifest.
999 silly tarball no local data for @radix-ui/react-direction@https://registry.npmjs.org/@radix-ui/react-direction/-/react-direction-1.1.0.tgz. Extracting by manifest.
1000 silly tarball no local data for @radix-ui/react-id@https://registry.npmjs.org/@radix-ui/react-id/-/react-id-1.1.0.tgz. Extracting by manifest.
1001 silly tarball no local data for @radix-ui/react-dialog@https://registry.npmjs.org/@radix-ui/react-dialog/-/react-dialog-1.1.6.tgz. Extracting by manifest.
1002 silly tarball no local data for @radix-ui/react-context-menu@https://registry.npmjs.org/@radix-ui/react-context-menu/-/react-context-menu-2.2.6.tgz. Extracting by manifest.
1003 silly tarball no local data for @radix-ui/react-dismissable-layer@https://registry.npmjs.org/@radix-ui/react-dismissable-layer/-/react-dismissable-layer-1.1.5.tgz. Extracting by manifest.
1004 silly tarball no local data for @radix-ui/react-context@https://registry.npmjs.org/@radix-ui/react-context/-/react-context-1.1.1.tgz. Extracting by manifest.
1005 silly tarball no local data for @radix-ui/react-compose-refs@https://registry.npmjs.org/@radix-ui/react-compose-refs/-/react-compose-refs-1.1.1.tgz. Extracting by manifest.
1006 silly tarball no local data for @radix-ui/react-collection@https://registry.npmjs.org/@radix-ui/react-collection/-/react-collection-1.1.2.tgz. Extracting by manifest.
1007 silly tarball no local data for @radix-ui/react-checkbox@https://registry.npmjs.org/@radix-ui/react-checkbox/-/react-checkbox-1.1.4.tgz. Extracting by manifest.
1008 silly tarball no local data for @radix-ui/react-collapsible@https://registry.npmjs.org/@radix-ui/react-collapsible/-/react-collapsible-1.1.3.tgz. Extracting by manifest.
1009 silly tarball no local data for @radix-ui/react-avatar@https://registry.npmjs.org/@radix-ui/react-avatar/-/react-avatar-1.1.3.tgz. Extracting by manifest.
1010 silly tarball no local data for @radix-ui/react-aspect-ratio@https://registry.npmjs.org/@radix-ui/react-aspect-ratio/-/react-aspect-ratio-1.1.2.tgz. Extracting by manifest.
1011 silly tarball no local data for @radix-ui/react-arrow@https://registry.npmjs.org/@radix-ui/react-arrow/-/react-arrow-1.1.2.tgz. Extracting by manifest.
1012 silly tarball no local data for @radix-ui/react-alert-dialog@https://registry.npmjs.org/@radix-ui/react-alert-dialog/-/react-alert-dialog-1.1.6.tgz. Extracting by manifest.
1013 silly tarball no local data for @radix-ui/react-accordion@https://registry.npmjs.org/@radix-ui/react-accordion/-/react-accordion-1.2.3.tgz. Extracting by manifest.
1014 silly tarball no local data for @radix-ui/primitive@https://registry.npmjs.org/@radix-ui/primitive/-/primitive-1.1.1.tgz. Extracting by manifest.
1015 silly tarball no local data for @radix-ui/number@https://registry.npmjs.org/@radix-ui/number/-/number-1.1.0.tgz. Extracting by manifest.
1016 silly tarball no local data for @popperjs/core@https://registry.npmjs.org/@popperjs/core/-/core-2.11.8.tgz. Extracting by manifest.
1017 silly tarball no local data for @nodelib/fs.walk@https://registry.npmjs.org/@nodelib/fs.walk/-/fs.walk-1.2.8.tgz. Extracting by manifest.
1018 silly tarball no local data for @nodelib/fs.scandir@https://registry.npmjs.org/@nodelib/fs.scandir/-/fs.scandir-2.1.5.tgz. Extracting by manifest.
1019 silly tarball no local data for @nodelib/fs.stat@https://registry.npmjs.org/@nodelib/fs.stat/-/fs.stat-2.0.5.tgz. Extracting by manifest.
1020 silly tarball no local data for @mui/types@https://registry.npmjs.org/@mui/types/-/types-7.4.11.tgz. Extracting by manifest.
1021 silly tarball no local data for @mui/system@https://registry.npmjs.org/@mui/system/-/system-7.3.8.tgz. Extracting by manifest.
1022 silly tarball no local data for @mui/styled-engine@https://registry.npmjs.org/@mui/styled-engine/-/styled-engine-7.3.8.tgz. Extracting by manifest.
1023 silly tarball no local data for @mui/private-theming@https://registry.npmjs.org/@mui/private-theming/-/private-theming-7.3.8.tgz. Extracting by manifest.
1024 silly tarball no local data for @mui/material@https://registry.npmjs.org/@mui/material/-/material-7.3.5.tgz. Extracting by manifest.
1025 silly tarball no local data for @mui/utils@https://registry.npmjs.org/@mui/utils/-/utils-7.3.8.tgz. Extracting by manifest.
1026 silly tarball no local data for @mui/core-downloads-tracker@https://registry.npmjs.org/@mui/core-downloads-tracker/-/core-downloads-tracker-7.3.8.tgz. Extracting by manifest.
1027 silly tarball no local data for @jridgewell/trace-mapping@https://registry.npmjs.org/@jridgewell/trace-mapping/-/trace-mapping-0.3.31.tgz. Extracting by manifest.
1028 silly tarball no local data for @jridgewell/gen-mapping@https://registry.npmjs.org/@jridgewell/gen-mapping/-/gen-mapping-0.3.13.tgz. Extracting by manifest.
1029 silly tarball no local data for @jridgewell/remapping@https://registry.npmjs.org/@jridgewell/remapping/-/remapping-2.3.5.tgz. Extracting by manifest.
1030 silly tarball no local data for @isaacs/fs-minipass@https://registry.npmjs.org/@isaacs/fs-minipass/-/fs-minipass-4.0.1.tgz. Extracting by manifest.
1031 silly tarball no local data for @jridgewell/resolve-uri@https://registry.npmjs.org/@jridgewell/resolve-uri/-/resolve-uri-3.1.2.tgz. Extracting by manifest.
1032 silly tarball no local data for @humanwhocodes/object-schema@https://registry.npmjs.org/@humanwhocodes/object-schema/-/object-schema-2.0.3.tgz. Extracting by manifest.
1033 silly tarball no local data for @humanwhocodes/module-importer@https://registry.npmjs.org/@humanwhocodes/module-importer/-/module-importer-1.0.1.tgz. Extracting by manifest.
1034 silly tarball no local data for @humanwhocodes/config-array@https://registry.npmjs.org/@humanwhocodes/config-array/-/config-array-0.13.0.tgz. Extracting by manifest.
1035 silly tarball no local data for @floating-ui/react-dom@https://registry.npmjs.org/@floating-ui/react-dom/-/react-dom-2.1.7.tgz. Extracting by manifest.
1036 silly tarball no local data for @floating-ui/core@https://registry.npmjs.org/@floating-ui/core/-/core-1.7.4.tgz. Extracting by manifest.
1037 silly tarball no local data for @floating-ui/dom@https://registry.npmjs.org/@floating-ui/dom/-/dom-1.7.5.tgz. Extracting by manifest.
1038 silly tarball no local data for @floating-ui/utils@https://registry.npmjs.org/@floating-ui/utils/-/utils-0.2.10.tgz. Extracting by manifest.
1039 silly tarball no local data for @eslint/js@https://registry.npmjs.org/@eslint/js/-/js-8.57.1.tgz. Extracting by manifest.
1040 silly tarball no local data for @eslint/eslintrc@https://registry.npmjs.org/@eslint/eslintrc/-/eslintrc-2.1.4.tgz. Extracting by manifest.
1041 silly tarball no local data for @eslint-community/regexpp@https://registry.npmjs.org/@eslint-community/regexpp/-/regexpp-4.12.2.tgz. Extracting by manifest.
1042 silly tarball no local data for @jridgewell/sourcemap-codec@https://registry.npmjs.org/@jridgewell/sourcemap-codec/-/sourcemap-codec-1.5.5.tgz. Extracting by manifest.
1043 silly tarball no local data for @eslint-community/eslint-utils@https://registry.npmjs.org/@eslint-community/eslint-utils/-/eslint-utils-4.9.1.tgz. Extracting by manifest.
1044 silly tarball no local data for @emotion/weak-memoize@https://registry.npmjs.org/@emotion/weak-memoize/-/weak-memoize-0.4.0.tgz. Extracting by manifest.
1045 silly tarball no local data for @esbuild/darwin-arm64@https://registry.npmjs.org/@esbuild/darwin-arm64/-/darwin-arm64-0.25.12.tgz. Extracting by manifest.
1046 silly tarball no local data for @emotion/use-insertion-effect-with-fallbacks@https://registry.npmjs.org/@emotion/use-insertion-effect-with-fallbacks/-/use-insertion-effect-with-fallbacks-1.2.0.tgz. Extracting by manifest.
1047 silly tarball no local data for @emotion/utils@https://registry.npmjs.org/@emotion/utils/-/utils-1.4.2.tgz. Extracting by manifest.
1048 silly tarball no local data for @emotion/styled@https://registry.npmjs.org/@emotion/styled/-/styled-11.14.1.tgz. Extracting by manifest.
1049 silly tarball no local data for @emotion/sheet@https://registry.npmjs.org/@emotion/sheet/-/sheet-1.4.0.tgz. Extracting by manifest.
1050 silly tarball no local data for @emotion/serialize@https://registry.npmjs.org/@emotion/serialize/-/serialize-1.3.3.tgz. Extracting by manifest.
1051 silly tarball no local data for @emotion/unitless@https://registry.npmjs.org/@emotion/unitless/-/unitless-0.10.0.tgz. Extracting by manifest.
1052 silly tarball no local data for @emotion/react@https://registry.npmjs.org/@emotion/react/-/react-11.14.0.tgz. Extracting by manifest.
1053 silly tarball no local data for @emotion/memoize@https://registry.npmjs.org/@emotion/memoize/-/memoize-0.9.0.tgz. Extracting by manifest.
1054 silly tarball no local data for @emotion/hash@https://registry.npmjs.org/@emotion/hash/-/hash-0.9.2.tgz. Extracting by manifest.
1055 silly tarball no local data for @emotion/cache@https://registry.npmjs.org/@emotion/cache/-/cache-11.14.0.tgz. Extracting by manifest.
1056 silly tarball no local data for @emotion/babel-plugin@https://registry.npmjs.org/@emotion/babel-plugin/-/babel-plugin-11.13.5.tgz. Extracting by manifest.
1057 silly tarball no local data for @emotion/is-prop-valid@https://registry.npmjs.org/@emotion/is-prop-valid/-/is-prop-valid-1.4.0.tgz. Extracting by manifest.
1058 silly tarball no local data for @babel/types@https://registry.npmjs.org/@babel/types/-/types-7.29.0.tgz. Extracting by manifest.
1059 silly tarball no local data for @babel/plugin-transform-react-jsx-source@https://registry.npmjs.org/@babel/plugin-transform-react-jsx-source/-/plugin-transform-react-jsx-source-7.27.1.tgz. Extracting by manifest.
1060 silly tarball no local data for @babel/traverse@https://registry.npmjs.org/@babel/traverse/-/traverse-7.29.0.tgz. Extracting by manifest.
1061 silly tarball no local data for @babel/plugin-transform-react-jsx-self@https://registry.npmjs.org/@babel/plugin-transform-react-jsx-self/-/plugin-transform-react-jsx-self-7.27.1.tgz. Extracting by manifest.
1062 silly tarball no local data for @babel/template@https://registry.npmjs.org/@babel/template/-/template-7.28.6.tgz. Extracting by manifest.
1063 silly tarball no local data for @babel/runtime@https://registry.npmjs.org/@babel/runtime/-/runtime-7.28.6.tgz. Extracting by manifest.
1064 silly tarball no local data for @babel/helpers@https://registry.npmjs.org/@babel/helpers/-/helpers-7.28.6.tgz. Extracting by manifest.
1065 silly tarball no local data for @babel/parser@https://registry.npmjs.org/@babel/parser/-/parser-7.29.0.tgz. Extracting by manifest.
1066 silly tarball no local data for @babel/helper-validator-identifier@https://registry.npmjs.org/@babel/helper-validator-identifier/-/helper-validator-identifier-7.28.5.tgz. Extracting by manifest.
1067 silly tarball no local data for @babel/helper-validator-option@https://registry.npmjs.org/@babel/helper-validator-option/-/helper-validator-option-7.27.1.tgz. Extracting by manifest.
1068 silly tarball no local data for @babel/helper-plugin-utils@https://registry.npmjs.org/@babel/helper-plugin-utils/-/helper-plugin-utils-7.28.6.tgz. Extracting by manifest.
1069 silly tarball no local data for @babel/helper-string-parser@https://registry.npmjs.org/@babel/helper-string-parser/-/helper-string-parser-7.27.1.tgz. Extracting by manifest.
1070 silly tarball no local data for @babel/helper-module-transforms@https://registry.npmjs.org/@babel/helper-module-transforms/-/helper-module-transforms-7.28.6.tgz. Extracting by manifest.
1071 silly tarball no local data for @babel/helper-module-imports@https://registry.npmjs.org/@babel/helper-module-imports/-/helper-module-imports-7.28.6.tgz. Extracting by manifest.
1072 silly tarball no local data for @babel/helper-globals@https://registry.npmjs.org/@babel/helper-globals/-/helper-globals-7.28.0.tgz. Extracting by manifest.
1073 silly tarball no local data for @babel/generator@https://registry.npmjs.org/@babel/generator/-/generator-7.29.1.tgz. Extracting by manifest.
1074 silly tarball no local data for @babel/helper-compilation-targets@https://registry.npmjs.org/@babel/helper-compilation-targets/-/helper-compilation-targets-7.28.6.tgz. Extracting by manifest.
1075 silly tarball no local data for @babel/core@https://registry.npmjs.org/@babel/core/-/core-7.29.0.tgz. Extracting by manifest.
1076 silly tarball no local data for @babel/code-frame@https://registry.npmjs.org/@babel/code-frame/-/code-frame-7.29.0.tgz. Extracting by manifest.
1077 silly tarball no local data for @babel/compat-data@https://registry.npmjs.org/@babel/compat-data/-/compat-data-7.29.0.tgz. Extracting by manifest.
1078 silly tarball no local data for @mui/icons-material@https://registry.npmjs.org/@mui/icons-material/-/icons-material-7.3.5.tgz. Extracting by manifest.
1079 silly tarball no local data for vite@https://registry.npmjs.org/vite/-/vite-7.3.1.tgz. Extracting by manifest.
1080 silly tarball no local data for @vitest/mocker@https://registry.npmjs.org/@vitest/mocker/-/mocker-4.0.18.tgz. Extracting by manifest.
1081 silly tarball no local data for yallist@https://registry.npmjs.org/yallist/-/yallist-5.0.0.tgz. Extracting by manifest.
1082 silly tarball no local data for @esbuild/darwin-arm64@https://registry.npmjs.org/@esbuild/darwin-arm64/-/darwin-arm64-0.27.3.tgz. Extracting by manifest.
1083 silly tarball no local data for react-is@https://registry.npmjs.org/react-is/-/react-is-18.3.1.tgz. Extracting by manifest.
1084 silly tarball no local data for react-is@https://registry.npmjs.org/react-is/-/react-is-16.13.1.tgz. Extracting by manifest.
1085 silly tarball no local data for react-is@https://registry.npmjs.org/react-is/-/react-is-16.13.1.tgz. Extracting by manifest.
1086 silly tarball no local data for minimatch@https://registry.npmjs.org/minimatch/-/minimatch-3.1.5.tgz. Extracting by manifest.
1087 silly tarball no local data for balanced-match@https://registry.npmjs.org/balanced-match/-/balanced-match-1.0.2.tgz. Extracting by manifest.
1088 silly tarball no local data for brace-expansion@https://registry.npmjs.org/brace-expansion/-/brace-expansion-1.1.12.tgz. Extracting by manifest.
1089 silly tarball no local data for resolve@https://registry.npmjs.org/resolve/-/resolve-2.0.0-next.6.tgz. Extracting by manifest.
1090 silly tarball no local data for balanced-match@https://registry.npmjs.org/balanced-match/-/balanced-match-1.0.2.tgz. Extracting by manifest.
1091 silly tarball no local data for ignore@https://registry.npmjs.org/ignore/-/ignore-5.3.2.tgz. Extracting by manifest.
1092 silly tarball no local data for esbuild@https://registry.npmjs.org/esbuild/-/esbuild-0.27.3.tgz. Extracting by manifest.
1093 silly tarball no local data for brace-expansion@https://registry.npmjs.org/brace-expansion/-/brace-expansion-1.1.12.tgz. Extracting by manifest.
1094 silly tarball no local data for minimatch@https://registry.npmjs.org/minimatch/-/minimatch-3.1.5.tgz. Extracting by manifest.
1095 silly tarball no local data for brace-expansion@https://registry.npmjs.org/brace-expansion/-/brace-expansion-1.1.12.tgz. Extracting by manifest.
1096 silly tarball no local data for balanced-match@https://registry.npmjs.org/balanced-match/-/balanced-match-1.0.2.tgz. Extracting by manifest.
1097 silly tarball no local data for semver@https://registry.npmjs.org/semver/-/semver-7.7.4.tgz. Extracting by manifest.
1098 silly tarball no local data for doctrine@https://registry.npmjs.org/doctrine/-/doctrine-3.0.0.tgz. Extracting by manifest.
1099 silly tarball no local data for yaml@https://registry.npmjs.org/yaml/-/yaml-1.10.2.tgz. Extracting by manifest.
1100 silly tarball no local data for eslint-visitor-keys@https://registry.npmjs.org/eslint-visitor-keys/-/eslint-visitor-keys-5.0.1.tgz. Extracting by manifest.
1101 silly tarball no local data for minimatch@https://registry.npmjs.org/minimatch/-/minimatch-3.1.5.tgz. Extracting by manifest.
1102 silly tarball no local data for brace-expansion@https://registry.npmjs.org/brace-expansion/-/brace-expansion-1.1.12.tgz. Extracting by manifest.
1103 silly tarball no local data for minimatch@https://registry.npmjs.org/minimatch/-/minimatch-3.1.5.tgz. Extracting by manifest.
1104 silly tarball no local data for balanced-match@https://registry.npmjs.org/balanced-match/-/balanced-match-1.0.2.tgz. Extracting by manifest.
1105 silly tarball no local data for ignore@https://registry.npmjs.org/ignore/-/ignore-5.3.2.tgz. Extracting by manifest.
1106 silly tarball no local data for convert-source-map@https://registry.npmjs.org/convert-source-map/-/convert-source-map-1.9.0.tgz. Extracting by manifest.
1107 silly tarball no local data for balanced-match@https://registry.npmjs.org/balanced-match/-/balanced-match-1.0.2.tgz. Extracting by manifest.
1108 silly tarball no local data for brace-expansion@https://registry.npmjs.org/brace-expansion/-/brace-expansion-1.1.12.tgz. Extracting by manifest.
1109 silly tarball no local data for minimatch@https://registry.npmjs.org/minimatch/-/minimatch-3.1.5.tgz. Extracting by manifest.
1110 http fetch GET 200 https://registry.npmjs.org/npm 972ms
1111 http fetch GET 200 https://registry.npmjs.org/which-boxed-primitive/-/which-boxed-primitive-1.1.1.tgz 731ms (cache miss)
1112 http fetch POST 200 https://registry.npmjs.org/-/npm/v1/security/advisories/bulk 1498ms
1113 silly audit report {
1113 silly audit report   'brace-expansion': [
1113 silly audit report     {
1113 silly audit report       id: 1115540,
1113 silly audit report       url: 'https://github.com/advisories/GHSA-f886-m6hf-6m8v',
1113 silly audit report       title: 'brace-expansion: Zero-step sequence causes process hang and memory exhaustion',
1113 silly audit report       severity: 'moderate',
1113 silly audit report       vulnerable_versions: '<1.1.13',
1113 silly audit report       cwe: [Array],
1113 silly audit report       cvss: [Object]
1113 silly audit report     },
1113 silly audit report     {
1113 silly audit report       id: 1115543,
1113 silly audit report       url: 'https://github.com/advisories/GHSA-f886-m6hf-6m8v',
1113 silly audit report       title: 'brace-expansion: Zero-step sequence causes process hang and memory exhaustion',
1113 silly audit report       severity: 'moderate',
1113 silly audit report       vulnerable_versions: '>=4.0.0 <5.0.5',
1113 silly audit report       cwe: [Array],
1113 silly audit report       cvss: [Object]
1113 silly audit report     }
1113 silly audit report   ],
1113 silly audit report   yaml: [
1113 silly audit report     {
1113 silly audit report       id: 1115555,
1113 silly audit report       url: 'https://github.com/advisories/GHSA-48c2-rrv3-qjmp',
1113 silly audit report       title: 'yaml is vulnerable to Stack Overflow via deeply nested YAML collections',
1113 silly audit report       severity: 'moderate',
1113 silly audit report       vulnerable_versions: '>=1.0.0 <1.10.3',
1113 silly audit report       cwe: [Array],
1113 silly audit report       cvss: [Object]
1113 silly audit report     }
1113 silly audit report   ],
1113 silly audit report   flatted: [
1113 silly audit report     {
1113 silly audit report       id: 1114526,
1113 silly audit report       url: 'https://github.com/advisories/GHSA-25h7-pfq9-p65f',
1113 silly audit report       title: 'flatted vulnerable to unbounded recursion DoS in parse() revive phase',
1113 silly audit report       severity: 'high',
1113 silly audit report       vulnerable_versions: '<3.4.0',
1113 silly audit report       cwe: [Array],
1113 silly audit report       cvss: [Object]
1113 silly audit report     },
1113 silly audit report     {
1113 silly audit report       id: 1115357,
1113 silly audit report       url: 'https://github.com/advisories/GHSA-rf6f-7fwh-wjgh',
1113 silly audit report       title: 'Prototype Pollution via parse() in NodeJS flatted',
1113 silly audit report       severity: 'high',
1113 silly audit report       vulnerable_versions: '<=3.4.1',
1113 silly audit report       cwe: [Array],
1113 silly audit report       cvss: [Object]
1113 silly audit report     }
1113 silly audit report   ],
1113 silly audit report   lodash: [
1113 silly audit report     {
1113 silly audit report       id: 1115806,
1113 silly audit report       url: 'https://github.com/advisories/GHSA-r5fr-rjxr-66jc',
1113 silly audit report       title: 'lodash vulnerable to Code Injection via `_.template` imports key names',
1113 silly audit report       severity: 'high',
1113 silly audit report       vulnerable_versions: '>=4.0.0 <=4.17.23',
1113 silly audit report       cwe: [Array],
1113 silly audit report       cvss: [Object]
1113 silly audit report     },
1113 silly audit report     {
1113 silly audit report       id: 1115810,
1113 silly audit report       url: 'https://github.com/advisories/GHSA-f23m-r3pf-42rh',
1113 silly audit report       title: 'lodash vulnerable to Prototype Pollution via array path bypass in `_.unset` and `_.omit`',
1113 silly audit report       severity: 'moderate',
1113 silly audit report       vulnerable_versions: '<=4.17.23',
1113 silly audit report       cwe: [Array],
1113 silly audit report       cvss: [Object]
1113 silly audit report     }
1113 silly audit report   ],
1113 silly audit report   picomatch: [
1113 silly audit report     {
1113 silly audit report       id: 1115551,
1113 silly audit report       url: 'https://github.com/advisories/GHSA-3v7f-55p6-f55p',
1113 silly audit report       title: 'Picomatch: Method Injection in POSIX Character Classes causes incorrect Glob Matching',
1113 silly audit report       severity: 'moderate',
1113 silly audit report       vulnerable_versions: '>=4.0.0 <4.0.4',
1113 silly audit report       cwe: [Array],
1113 silly audit report       cvss: [Object]
1113 silly audit report     },
1113 silly audit report     {
1113 silly audit report       id: 1115554,
1113 silly audit report       url: 'https://github.com/advisories/GHSA-c2c7-rcm5-vvqj',
1113 silly audit report       title: 'Picomatch has a ReDoS vulnerability via extglob quantifiers',
1113 silly audit report       severity: 'high',
1113 silly audit report       vulnerable_versions: '>=4.0.0 <4.0.4',
1113 silly audit report       cwe: [Array],
1113 silly audit report       cvss: [Object]
1113 silly audit report     }
1113 silly audit report   ],
1113 silly audit report   postcss: [
1113 silly audit report     {
1113 silly audit report       id: 1117015,
1113 silly audit report       url: 'https://github.com/advisories/GHSA-qx2v-qp2m-jg93',
1113 silly audit report       title: 'PostCSS has XSS via Unescaped </style> in its CSS Stringify Output',
1113 silly audit report       severity: 'moderate',
1113 silly audit report       vulnerable_versions: '<8.5.10',
1113 silly audit report       cwe: [Array],
1113 silly audit report       cvss: [Object]
1113 silly audit report     }
1113 silly audit report   ],
1113 silly audit report   rollup: [
1113 silly audit report     {
1113 silly audit report       id: 1113515,
1113 silly audit report       url: 'https://github.com/advisories/GHSA-mw96-cpmx-2vgc',
1113 silly audit report       title: 'Rollup 4 has Arbitrary File Write via Path Traversal',
1113 silly audit report       severity: 'high',
1113 silly audit report       vulnerable_versions: '>=4.0.0 <4.59.0',
1113 silly audit report       cwe: [Array],
1113 silly audit report       cvss: [Object]
1113 silly audit report     }
1113 silly audit report   ],
1113 silly audit report   tar: [
1113 silly audit report     {
1113 silly audit report       id: 1114200,
1113 silly audit report       url: 'https://github.com/advisories/GHSA-qffp-2rhf-9h96',
1113 silly audit report       title: 'tar has Hardlink Path Traversal via Drive-Relative Linkpath',
1113 silly audit report       severity: 'high',
1113 silly audit report       vulnerable_versions: '<=7.5.9',
1113 silly audit report       cwe: [Array],
1113 silly audit report       cvss: [Object]
1113 silly audit report     },
1113 silly audit report     {
1113 silly audit report       id: 1114302,
1113 silly audit report       url: 'https://github.com/advisories/GHSA-9ppj-qmqm-q256',
1113 silly audit report       title: 'node-tar Symlink Path Traversal via Drive-Relative Linkpath',
1113 silly audit report       severity: 'high',
1113 silly audit report       vulnerable_versions: '<=7.5.10',
1113 silly audit report       cwe: [Array],
1113 silly audit report       cvss: [Object]
1113 silly audit report     }
1113 silly audit report   ],
1113 silly audit report   vite: [
1113 silly audit report     {
1113 silly audit report       id: 1107324,
1113 silly audit report       url: 'https://github.com/advisories/GHSA-g4jq-h2w9-997c',
1113 silly audit report       title: 'Vite middleware may serve files starting with the same name with the public directory',
1113 silly audit report       severity: 'low',
1113 silly audit report       vulnerable_versions: '>=6.0.0 <=6.3.5',
1113 silly audit report       cwe: [Array],
1113 silly audit report       cvss: [Object]
1113 silly audit report     },
1113 silly audit report     {
1113 silly audit report       id: 1107328,
1113 silly audit report       url: 'https://github.com/advisories/GHSA-jqfw-vq24-v9c3',
1113 silly audit report       title: "Vite's `server.fs` settings were not applied to HTML files",
1113 silly audit report       severity: 'low',
1113 silly audit report       vulnerable_versions: '>=6.0.0 <=6.3.5',
1113 silly audit report       cwe: [Array],
1113 silly audit report       cvss: [Object]
1113 silly audit report     },
1113 silly audit report     {
1113 silly audit report       id: 1109135,
1113 silly audit report       url: 'https://github.com/advisories/GHSA-93m4-6634-74q7',
1113 silly audit report       title: 'vite allows server.fs.deny bypass via backslash on Windows',
1113 silly audit report       severity: 'moderate',
1113 silly audit report       vulnerable_versions: '>=6.0.0 <=6.4.0',
1113 silly audit report       cwe: [Array],
1113 silly audit report       cvss: [Object]
1113 silly audit report     },
1113 silly audit report     {
1113 silly audit report       id: 1116229,
1113 silly audit report       url: 'https://github.com/advisories/GHSA-4w7w-66w2-5vf9',
1113 silly audit report       title: 'Vite Vulnerable to Path Traversal in Optimized Deps `.map` Handling',
1113 silly audit report       severity: 'moderate',
1113 silly audit report       vulnerable_versions: '<=6.4.1',
1113 silly audit report       cwe: [Array],
1113 silly audit report       cvss: [Object]
1113 silly audit report     },
1113 silly audit report     {
1113 silly audit report       id: 1116230,
1113 silly audit report       url: 'https://github.com/advisories/GHSA-4w7w-66w2-5vf9',
1113 silly audit report       title: 'Vite Vulnerable to Path Traversal in Optimized Deps `.map` Handling',
1113 silly audit report       severity: 'moderate',
1113 silly audit report       vulnerable_versions: '>=7.0.0 <=7.3.1',
1113 silly audit report       cwe: [Array],
1113 silly audit report       cvss: [Object]
1113 silly audit report     },
1113 silly audit report     {
1113 silly audit report       id: 1116232,
1113 silly audit report       url: 'https://github.com/advisories/GHSA-v2wj-q39q-566r',
1113 silly audit report       title: 'Vite: `server.fs.deny` bypassed with queries',
1113 silly audit report       severity: 'high',
1113 silly audit report       vulnerable_versions: '>=7.1.0 <=7.3.1',
1113 silly audit report       cwe: [Array],
1113 silly audit report       cvss: [Object]
1113 silly audit report     },
1113 silly audit report     {
1113 silly audit report       id: 1116234,
1113 silly audit report       url: 'https://github.com/advisories/GHSA-p9ff-h696-f583',
1113 silly audit report       title: 'Vite Vulnerable to Arbitrary File Read via Vite Dev Server WebSocket',
1113 silly audit report       severity: 'high',
1113 silly audit report       vulnerable_versions: '>=6.0.0 <=6.4.1',
1113 silly audit report       cwe: [Array],
1113 silly audit report       cvss: [Object]
1113 silly audit report     },
1113 silly audit report     {
1113 silly audit report       id: 1116235,
1113 silly audit report       url: 'https://github.com/advisories/GHSA-p9ff-h696-f583',
1113 silly audit report       title: 'Vite Vulnerable to Arbitrary File Read via Vite Dev Server WebSocket',
1113 silly audit report       severity: 'high',
1113 silly audit report       vulnerable_versions: '>=7.0.0 <=7.3.1',
1113 silly audit report       cwe: [Array],
1113 silly audit report       cvss: [Object]
1113 silly audit report     }
1113 silly audit report   ]
1113 silly audit report }
1114 silly packumentCache corgi:https://registry.npmjs.org/brace-expansion cache-miss
1115 silly packumentCache corgi:https://registry.npmjs.org/yaml cache-miss
1116 silly packumentCache corgi:https://registry.npmjs.org/flatted cache-miss
1117 silly packumentCache corgi:https://registry.npmjs.org/lodash cache-miss
1118 silly packumentCache corgi:https://registry.npmjs.org/picomatch cache-miss
1119 silly packumentCache corgi:https://registry.npmjs.org/postcss cache-miss
1120 silly packumentCache corgi:https://registry.npmjs.org/rollup cache-miss
1121 silly packumentCache corgi:https://registry.npmjs.org/tar cache-miss
1122 silly packumentCache corgi:https://registry.npmjs.org/vite cache-miss
1123 http fetch GET 200 https://registry.npmjs.org/which-collection/-/which-collection-1.0.2.tgz 1650ms (cache miss)
1124 http fetch GET 200 https://registry.npmjs.org/which/-/which-2.0.2.tgz 1733ms (cache miss)
1125 http fetch GET 200 https://registry.npmjs.org/vaul/-/vaul-1.1.2.tgz 1737ms (cache miss)
1126 http fetch GET 200 https://registry.npmjs.org/use-sidecar/-/use-sidecar-1.1.3.tgz 1892ms (cache miss)
1127 http fetch GET 200 https://registry.npmjs.org/update-browserslist-db/-/update-browserslist-db-1.2.3.tgz 1937ms (cache miss)
1128 http fetch GET 200 https://registry.npmjs.org/victory-vendor/-/victory-vendor-36.9.2.tgz 1940ms (cache miss)
1129 http fetch GET 200 https://registry.npmjs.org/vitest/-/vitest-4.0.18.tgz 2007ms (cache miss)
1130 http fetch GET 200 https://registry.npmjs.org/unbox-primitive/-/unbox-primitive-1.1.0.tgz 2098ms (cache miss)
1131 http fetch GET 200 https://registry.npmjs.org/typed-array-length/-/typed-array-length-1.0.7.tgz 2195ms (cache miss)
1132 http fetch GET 200 https://registry.npmjs.org/typed-array-byte-offset/-/typed-array-byte-offset-1.0.4.tgz 2279ms (cache miss)
1133 http fetch GET 200 https://registry.npmjs.org/uri-js/-/uri-js-4.4.1.tgz 2300ms (cache miss)
1134 http fetch GET 200 https://registry.npmjs.org/word-wrap/-/word-wrap-1.2.5.tgz 2414ms (cache miss)
1135 http fetch GET 200 https://registry.npmjs.org/typed-array-buffer/-/typed-array-buffer-1.0.3.tgz 2410ms (cache miss)
1136 http fetch GET 200 https://registry.npmjs.org/typed-array-byte-length/-/typed-array-byte-length-1.0.3.tgz 2415ms (cache miss)
1137 http fetch GET 200 https://registry.npmjs.org/warning/-/warning-4.0.3.tgz 2431ms (cache miss)
1138 http fetch GET 200 https://registry.npmjs.org/type-check/-/type-check-0.4.0.tgz 2537ms (cache miss)
1139 http fetch GET 200 https://registry.npmjs.org/wrappy/-/wrappy-1.0.2.tgz 2594ms (cache miss)
1140 http fetch GET 200 https://registry.npmjs.org/zod-validation-error/-/zod-validation-error-4.0.2.tgz 2878ms (cache miss)
1141 http fetch GET 200 https://registry.npmjs.org/tinyrainbow/-/tinyrainbow-3.0.3.tgz 2898ms (cache miss)
1142 http fetch GET 200 https://registry.npmjs.org/use-callback-ref/-/use-callback-ref-1.3.3.tgz 2941ms (cache miss)
1143 http fetch GET 200 https://registry.npmjs.org/tinyglobby/-/tinyglobby-0.2.15.tgz 2975ms (cache miss)
1144 http fetch GET 200 https://registry.npmjs.org/tw-animate-css/-/tw-animate-css-1.3.8.tgz 3023ms (cache miss)
1145 http fetch GET 200 https://registry.npmjs.org/ts-api-utils/-/ts-api-utils-2.4.0.tgz 3095ms (cache miss)
1146 http fetch GET 200 https://registry.npmjs.org/tslib/-/tslib-2.8.1.tgz 3208ms (cache miss)
1147 http fetch GET 200 https://registry.npmjs.org/tinybench/-/tinybench-2.9.0.tgz 3230ms (cache miss)
1148 http fetch GET 200 https://registry.npmjs.org/which-typed-array/-/which-typed-array-1.1.20.tgz 3236ms (cache miss)
1149 http fetch GET 200 https://registry.npmjs.org/tiny-invariant/-/tiny-invariant-1.3.3.tgz 3291ms (cache miss)
1150 http fetch GET 200 https://registry.npmjs.org/supports-preserve-symlinks-flag/-/supports-preserve-symlinks-flag-1.0.0.tgz 3407ms (cache miss)
1151 http fetch GET 200 https://registry.npmjs.org/type-fest/-/type-fest-0.20.2.tgz 3488ms (cache miss)
1152 http fetch GET 200 https://registry.npmjs.org/strip-json-comments/-/strip-json-comments-3.1.1.tgz 3555ms (cache miss)
1153 http fetch GET 200 https://registry.npmjs.org/yallist/-/yallist-3.1.1.tgz 3616ms (cache miss)
1154 http fetch GET 200 https://registry.npmjs.org/tinyexec/-/tinyexec-1.0.2.tgz 3640ms (cache miss)
1155 http fetch GET 200 https://registry.npmjs.org/tapable/-/tapable-2.3.0.tgz 3676ms (cache miss)
1156 http fetch GET 200 https://registry.npmjs.org/string.prototype.trimstart/-/string.prototype.trimstart-1.0.8.tgz 3769ms (cache miss)
1157 http fetch GET 200 https://registry.npmjs.org/supports-color/-/supports-color-7.2.0.tgz 3862ms (cache miss)
1158 http fetch GET 200 https://registry.npmjs.org/string.prototype.repeat/-/string.prototype.repeat-1.0.0.tgz 3900ms (cache miss)
1159 http fetch GET 200 https://registry.npmjs.org/strip-ansi/-/strip-ansi-6.0.1.tgz 3929ms (cache miss)
1160 http fetch GET 200 https://registry.npmjs.org/string.prototype.trimend/-/string.prototype.trimend-1.0.9.tgz 4033ms (cache miss)
1161 http fetch GET 200 https://registry.npmjs.org/stop-iteration-iterator/-/stop-iteration-iterator-1.1.0.tgz 4124ms (cache miss)
1162 http fetch GET 200 https://registry.npmjs.org/string.prototype.trim/-/string.prototype.trim-1.2.10.tgz 4142ms (cache miss)
1163 http fetch GET 200 https://registry.npmjs.org/string.prototype.matchall/-/string.prototype.matchall-4.0.12.tgz 4238ms (cache miss)
1164 http fetch GET 200 https://registry.npmjs.org/yocto-queue/-/yocto-queue-0.1.0.tgz 4433ms (cache miss)
1165 http fetch GET 200 https://registry.npmjs.org/stackback/-/stackback-0.0.2.tgz 4459ms (cache miss)
1166 http fetch GET 200 https://registry.npmjs.org/std-env/-/std-env-3.10.0.tgz 4508ms (cache miss)
1167 http fetch GET 200 https://registry.npmjs.org/siginfo/-/siginfo-2.0.0.tgz 4541ms (cache miss)
1168 http fetch GET 200 https://registry.npmjs.org/string-convert/-/string-convert-0.2.1.tgz 4704ms (cache miss)
1169 http fetch GET 200 https://registry.npmjs.org/sonner/-/sonner-2.0.3.tgz 4907ms (cache miss)
1170 http fetch GET 200 https://registry.npmjs.org/side-channel-list/-/side-channel-list-1.0.0.tgz 5009ms (cache miss)
1171 http fetch GET 200 https://registry.npmjs.org/shebang-regex/-/shebang-regex-3.0.0.tgz 5054ms (cache miss)
1172 http fetch GET 200 https://registry.npmjs.org/text-table/-/text-table-0.2.0.tgz 5077ms (cache miss)
1173 http fetch GET 200 https://registry.npmjs.org/side-channel-weakmap/-/side-channel-weakmap-1.0.2.tgz 5127ms (cache miss)
1174 http fetch GET 200 https://registry.npmjs.org/shebang-command/-/shebang-command-2.0.0.tgz 5155ms (cache miss)
1175 http fetch GET 200 https://registry.npmjs.org/source-map-js/-/source-map-js-1.2.1.tgz 5164ms (cache miss)
1176 http fetch GET 200 https://registry.npmjs.org/set-cookie-parser/-/set-cookie-parser-2.7.2.tgz 5340ms (cache miss)
1177 http fetch GET 200 https://registry.npmjs.org/set-proto/-/set-proto-1.0.0.tgz 5369ms (cache miss)
1178 http fetch GET 200 https://registry.npmjs.org/side-channel-map/-/side-channel-map-1.0.1.tgz 5376ms (cache miss)
1179 http fetch GET 200 https://registry.npmjs.org/why-is-node-running/-/why-is-node-running-2.3.0.tgz 5437ms (cache miss)
1180 http fetch GET 200 https://registry.npmjs.org/side-channel/-/side-channel-1.1.0.tgz 5497ms (cache miss)
1181 http fetch GET 200 https://registry.npmjs.org/scheduler/-/scheduler-0.23.2.tgz 5630ms (cache miss)
1182 http fetch GET 200 https://registry.npmjs.org/vite/-/vite-6.3.5.tgz 5685ms (cache miss)
1183 http fetch GET 200 https://registry.npmjs.org/set-function-length/-/set-function-length-1.2.2.tgz 5689ms (cache miss)
1184 http fetch GET 200 https://registry.npmjs.org/stylis/-/stylis-4.2.0.tgz 5710ms (cache miss)
1185 http fetch GET 200 https://registry.npmjs.org/tailwind-merge/-/tailwind-merge-3.2.0.tgz 5779ms (cache miss)
1186 http fetch GET 200 https://registry.npmjs.org/rimraf/-/rimraf-3.0.2.tgz 5775ms (cache miss)
1187 warn deprecated rimraf@3.0.2: Rimraf versions prior to v4 are no longer supported
1188 http fetch GET 200 https://registry.npmjs.org/safe-array-concat/-/safe-array-concat-1.1.3.tgz 5914ms (cache miss)
1189 http fetch GET 200 https://registry.npmjs.org/resolve-from/-/resolve-from-4.0.0.tgz 6014ms (cache miss)
1190 http fetch GET 200 https://registry.npmjs.org/reflect.getprototypeof/-/reflect.getprototypeof-1.0.10.tgz 6046ms (cache miss)
1191 http fetch GET 200 https://registry.npmjs.org/resolve/-/resolve-1.22.11.tgz 6120ms (cache miss)
1192 http fetch GET 200 https://registry.npmjs.org/safe-push-apply/-/safe-push-apply-1.0.0.tgz 6129ms (cache miss)
1193 http fetch GET 200 https://registry.npmjs.org/run-parallel/-/run-parallel-1.2.0.tgz 6209ms (cache miss)
1194 http fetch GET 200 https://registry.npmjs.org/regexp.prototype.flags/-/regexp.prototype.flags-1.5.4.tgz 6212ms (cache miss)
1195 http fetch GET 200 https://registry.npmjs.org/tailwindcss/-/tailwindcss-4.1.12.tgz 6336ms (cache miss)
1196 http fetch GET 200 https://registry.npmjs.org/redux/-/redux-4.2.1.tgz 6440ms (cache miss)
1197 http fetch GET 200 https://registry.npmjs.org/react-style-singleton/-/react-style-singleton-2.2.3.tgz 6479ms (cache miss)
1198 http fetch GET 200 https://registry.npmjs.org/reusify/-/reusify-1.1.0.tgz 6565ms (cache miss)
1199 http fetch GET 200 https://registry.npmjs.org/react-transition-group/-/react-transition-group-4.4.5.tgz 6837ms (cache miss)
1200 http fetch GET 200 https://registry.npmjs.org/recharts-scale/-/recharts-scale-0.4.5.tgz 6848ms (cache miss)
1201 http fetch GET 200 https://registry.npmjs.org/react-router-dom/-/react-router-dom-7.13.0.tgz 6899ms (cache miss)
1202 http fetch GET 200 https://registry.npmjs.org/react-responsive-masonry/-/react-responsive-masonry-2.7.1.tgz 6932ms (cache miss)
1203 http fetch GET 200 https://registry.npmjs.org/react-smooth/-/react-smooth-4.0.4.tgz 7011ms (cache miss)
1204 http fetch GET 200 https://registry.npmjs.org/react-remove-scroll-bar/-/react-remove-scroll-bar-2.3.8.tgz 7108ms (cache miss)
1205 http fetch GET 200 https://registry.npmjs.org/react-refresh/-/react-refresh-0.17.0.tgz 7268ms (cache miss)
1206 http fetch GET 200 https://registry.npmjs.org/react-popper/-/react-popper-2.3.0.tgz 7452ms (cache miss)
1207 http fetch GET 200 https://registry.npmjs.org/react-is/-/react-is-19.2.4.tgz 7503ms (cache miss)
1208 http fetch GET 200 https://registry.npmjs.org/set-function-name/-/set-function-name-2.0.2.tgz 7674ms (cache miss)
1209 http fetch GET 200 https://registry.npmjs.org/react-remove-scroll/-/react-remove-scroll-2.7.2.tgz 7979ms (cache miss)
1210 http fetch GET 200 https://registry.npmjs.org/react-fast-compare/-/react-fast-compare-3.2.2.tgz 8160ms (cache miss)
1211 http fetch GET 200 https://registry.npmjs.org/resize-observer-polyfill/-/resize-observer-polyfill-1.5.1.tgz 8181ms (cache miss)
1212 http fetch GET 200 https://registry.npmjs.org/semver/-/semver-6.3.1.tgz 8833ms (cache miss)
1213 http fetch GET 200 https://registry.npmjs.org/react-resizable-panels/-/react-resizable-panels-2.1.7.tgz 9249ms (cache miss)
1214 http fetch GET 200 https://registry.npmjs.org/tar/-/tar-7.5.9.tgz 9432ms (cache miss)
1215 http fetch GET 200 https://registry.npmjs.org/react-dnd-html5-backend/-/react-dnd-html5-backend-16.0.1.tgz 9527ms (cache miss)
1216 http fetch GET 200 https://registry.npmjs.org/queue-microtask/-/queue-microtask-1.2.3.tgz 9734ms (cache miss)
1217 http fetch GET 200 https://registry.npmjs.org/react-dnd/-/react-dnd-16.0.1.tgz 9826ms (cache miss)
1218 http fetch GET 200 https://registry.npmjs.org/punycode/-/punycode-2.3.1.tgz 9861ms (cache miss)
1219 http fetch GET 200 https://registry.npmjs.org/prop-types/-/prop-types-15.8.1.tgz 10281ms (cache miss)
1220 http fetch GET 200 https://registry.npmjs.org/react-day-picker/-/react-day-picker-8.10.1.tgz 10369ms (cache miss)
1221 http fetch GET 200 https://registry.npmjs.org/prelude-ls/-/prelude-ls-1.2.1.tgz 10433ms (cache miss)
1222 http fetch GET 200 https://registry.npmjs.org/react-slick/-/react-slick-0.31.0.tgz 10894ms (cache miss)
1223 http fetch GET 200 https://registry.npmjs.org/source-map/-/source-map-0.5.7.tgz 11103ms (cache miss)
1224 http fetch GET 200 https://registry.npmjs.org/postcss/-/postcss-8.5.6.tgz 11116ms (cache miss)
1225 http fetch GET 200 https://registry.npmjs.org/possible-typed-array-names/-/possible-typed-array-names-1.1.0.tgz 11125ms (cache miss)
1226 http fetch GET 200 https://registry.npmjs.org/react/-/react-18.3.1.tgz 11130ms (cache miss)
1227 http fetch GET 200 https://registry.npmjs.org/picocolors/-/picocolors-1.1.1.tgz 11157ms (cache miss)
1228 http fetch GET 200 https://registry.npmjs.org/path-parse/-/path-parse-1.0.7.tgz 11206ms (cache miss)
1229 http fetch GET 200 https://registry.npmjs.org/path-key/-/path-key-3.1.1.tgz 11229ms (cache miss)
1230 http fetch GET 200 https://registry.npmjs.org/pathe/-/pathe-2.0.3.tgz 11240ms (cache miss)
1231 http fetch GET 200 https://registry.npmjs.org/path-type/-/path-type-4.0.0.tgz 11241ms (cache miss)
1232 http fetch GET 200 https://registry.npmjs.org/path-is-absolute/-/path-is-absolute-1.0.1.tgz 11271ms (cache miss)
1233 http fetch GET 200 https://registry.npmjs.org/path-exists/-/path-exists-4.0.0.tgz 11280ms (cache miss)
1234 http fetch GET 200 https://registry.npmjs.org/parse-json/-/parse-json-5.2.0.tgz 11319ms (cache miss)
1235 http fetch GET 200 https://registry.npmjs.org/parent-module/-/parent-module-1.0.1.tgz 11320ms (cache miss)
1236 http fetch GET 200 https://registry.npmjs.org/p-limit/-/p-limit-3.1.0.tgz 11374ms (cache miss)
1237 http fetch GET 200 https://registry.npmjs.org/react-hook-form/-/react-hook-form-7.55.0.tgz 11396ms (cache miss)
1238 http fetch GET 200 https://registry.npmjs.org/p-locate/-/p-locate-5.0.0.tgz 11396ms (cache miss)
1239 http fetch GET 200 https://registry.npmjs.org/once/-/once-1.4.0.tgz 11401ms (cache miss)
1240 http fetch GET 200 https://registry.npmjs.org/obug/-/obug-2.1.1.tgz 11477ms (cache miss)
1241 http fetch GET 200 https://registry.npmjs.org/own-keys/-/own-keys-1.0.1.tgz 11556ms (cache miss)
1242 http fetch GET 200 https://registry.npmjs.org/object.fromentries/-/object.fromentries-2.0.8.tgz 11558ms (cache miss)
1243 http fetch GET 200 https://registry.npmjs.org/object.entries/-/object.entries-1.1.9.tgz 11587ms (cache miss)
1244 http fetch GET 200 https://registry.npmjs.org/optionator/-/optionator-0.9.4.tgz 11671ms (cache miss)
1245 http fetch GET 200 https://registry.npmjs.org/object-assign/-/object-assign-4.1.1.tgz 11742ms (cache miss)
1246 http fetch GET 200 https://registry.npmjs.org/object.assign/-/object.assign-4.1.7.tgz 11751ms (cache miss)
1247 http fetch GET 200 https://registry.npmjs.org/object.values/-/object.values-1.2.1.tgz 11783ms (cache miss)
1248 http fetch GET 200 https://registry.npmjs.org/object-keys/-/object-keys-1.1.1.tgz 11816ms (cache miss)
1249 http fetch GET 200 https://registry.npmjs.org/node-releases/-/node-releases-2.0.27.tgz 11873ms (cache miss)
1250 http fetch GET 200 https://registry.npmjs.org/node-exports-info/-/node-exports-info-1.6.0.tgz 11913ms (cache miss)
1251 http fetch GET 200 https://registry.npmjs.org/next-themes/-/next-themes-0.4.6.tgz 11930ms (cache miss)
1252 http fetch GET 200 https://registry.npmjs.org/object-inspect/-/object-inspect-1.13.4.tgz 11950ms (cache miss)
1253 http fetch GET 200 https://registry.npmjs.org/rollup/-/rollup-4.57.1.tgz 12149ms (cache miss)
1254 http fetch GET 200 https://registry.npmjs.org/motion-utils/-/motion-utils-12.29.2.tgz 12156ms (cache miss)
1255 http fetch GET 200 https://registry.npmjs.org/natural-compare/-/natural-compare-1.4.0.tgz 12186ms (cache miss)
1256 http fetch GET 200 https://registry.npmjs.org/ms/-/ms-2.1.3.tgz 12239ms (cache miss)
1257 http fetch GET 200 https://registry.npmjs.org/nanoid/-/nanoid-3.3.11.tgz 12276ms (cache miss)
1258 http fetch GET 200 https://registry.npmjs.org/picomatch/-/picomatch-4.0.3.tgz 12365ms (cache miss)
1259 http fetch GET 200 https://registry.npmjs.org/math-intrinsics/-/math-intrinsics-1.1.0.tgz 13038ms (cache miss)
1260 http fetch GET 200 https://registry.npmjs.org/magic-string/-/magic-string-0.30.21.tgz 13323ms (cache miss)
1261 http fetch GET 200 https://registry.npmjs.org/motion/-/motion-12.23.24.tgz 13371ms (cache miss)
1262 http fetch GET 200 https://registry.npmjs.org/minipass/-/minipass-7.1.3.tgz 13511ms (cache miss)
1263 http fetch GET 200 https://registry.npmjs.org/lodash.merge/-/lodash.merge-4.6.2.tgz 13598ms (cache miss)
1264 http fetch GET 200 https://registry.npmjs.org/loose-envify/-/loose-envify-1.4.0.tgz 13606ms (cache miss)
1265 http fetch GET 200 https://registry.npmjs.org/lru-cache/-/lru-cache-5.1.1.tgz 13692ms (cache miss)
1266 http fetch GET 200 https://registry.npmjs.org/lodash.debounce/-/lodash.debounce-4.0.8.tgz 13739ms (cache miss)
1267 http fetch GET 200 https://registry.npmjs.org/locate-path/-/locate-path-6.0.0.tgz 13796ms (cache miss)
1268 http fetch GET 200 https://registry.npmjs.org/minizlib/-/minizlib-3.1.0.tgz 13971ms (cache miss)
1269 http fetch GET 200 https://registry.npmjs.org/lines-and-columns/-/lines-and-columns-1.2.4.tgz 14055ms (cache miss)
1270 http fetch GET 200 https://registry.npmjs.org/levn/-/levn-0.4.1.tgz 14156ms (cache miss)
1271 http fetch GET 200 https://registry.npmjs.org/keyv/-/keyv-4.5.4.tgz 14332ms (cache miss)
1272 http fetch GET 200 https://registry.npmjs.org/jsx-ast-utils/-/jsx-ast-utils-3.3.5.tgz 14799ms (cache miss)
1273 http fetch GET 200 https://registry.npmjs.org/lightningcss/-/lightningcss-1.30.1.tgz 15419ms (cache miss)
1274 http fetch GET 200 https://registry.npmjs.org/minimatch/-/minimatch-10.2.4.tgz 15447ms (cache miss)
1275 http fetch GET 200 https://registry.npmjs.org/json-stable-stringify-without-jsonify/-/json-stable-stringify-without-jsonify-1.0.1.tgz 15737ms (cache miss)
1276 http fetch GET 200 https://registry.npmjs.org/json5/-/json5-2.2.3.tgz 15764ms (cache miss)
1277 http fetch GET 200 https://registry.npmjs.org/json2mq/-/json2mq-0.2.0.tgz 15794ms (cache miss)
1278 http fetch GET 200 https://registry.npmjs.org/json-schema-traverse/-/json-schema-traverse-0.4.1.tgz 15808ms (cache miss)
1279 http fetch GET 200 https://registry.npmjs.org/json-buffer/-/json-buffer-3.0.1.tgz 15854ms (cache miss)
1280 http fetch GET 200 https://registry.npmjs.org/jsesc/-/jsesc-3.1.0.tgz 15945ms (cache miss)
1281 http fetch GET 200 https://registry.npmjs.org/json-parse-even-better-errors/-/json-parse-even-better-errors-2.3.1.tgz 16209ms (cache miss)
1282 http fetch GET 200 https://registry.npmjs.org/isexe/-/isexe-2.0.0.tgz 16309ms (cache miss)
1283 http fetch GET 200 https://registry.npmjs.org/js-tokens/-/js-tokens-4.0.0.tgz 16311ms (cache miss)
1284 http fetch GET 200 https://registry.npmjs.org/isarray/-/isarray-2.0.5.tgz 16357ms (cache miss)
1285 http fetch GET 200 https://registry.npmjs.org/is-weakref/-/is-weakref-1.1.1.tgz 16506ms (cache miss)
1286 http fetch GET 200 https://registry.npmjs.org/is-weakset/-/is-weakset-2.0.4.tgz 16891ms (cache miss)
1287 http fetch GET 200 https://registry.npmjs.org/is-typed-array/-/is-typed-array-1.1.15.tgz 17052ms (cache miss)
1288 http fetch GET 200 https://registry.npmjs.org/iterator.prototype/-/iterator.prototype-1.1.5.tgz 17405ms (cache miss)
1289 http fetch GET 200 https://registry.npmjs.org/is-string/-/is-string-1.1.1.tgz 17848ms (cache miss)
1290 http fetch GET 200 https://registry.npmjs.org/js-yaml/-/js-yaml-4.1.1.tgz 17973ms (cache miss)
1291 http fetch GET 200 https://registry.npmjs.org/is-symbol/-/is-symbol-1.1.1.tgz 18185ms (cache miss)
1292 http fetch GET 200 https://registry.npmjs.org/is-set/-/is-set-2.0.3.tgz 18381ms (cache miss)
1293 http fetch GET 200 https://registry.npmjs.org/is-weakmap/-/is-weakmap-2.0.2.tgz 18434ms (cache miss)
1294 http fetch GET 200 https://registry.npmjs.org/is-shared-array-buffer/-/is-shared-array-buffer-1.0.4.tgz 18520ms (cache miss)
1295 http fetch GET 200 https://registry.npmjs.org/is-path-inside/-/is-path-inside-3.0.3.tgz 18602ms (cache miss)
1296 http fetch GET 200 https://registry.npmjs.org/is-regex/-/is-regex-1.2.1.tgz 18665ms (cache miss)
1297 http fetch GET 200 https://registry.npmjs.org/is-map/-/is-map-2.0.3.tgz 18844ms (cache miss)
1298 http fetch GET 200 https://registry.npmjs.org/lodash/-/lodash-4.17.23.tgz 18866ms (cache miss)
1299 http fetch GET 200 https://registry.npmjs.org/is-glob/-/is-glob-4.0.3.tgz 18938ms (cache miss)
1300 http fetch GET 200 https://registry.npmjs.org/is-generator-function/-/is-generator-function-1.1.2.tgz 19025ms (cache miss)
1301 http fetch GET 200 https://registry.npmjs.org/is-number-object/-/is-number-object-1.1.1.tgz 19041ms (cache miss)
1302 http fetch GET 200 https://registry.npmjs.org/is-date-object/-/is-date-object-1.1.0.tgz 19242ms (cache miss)
1303 http fetch GET 200 https://registry.npmjs.org/is-extglob/-/is-extglob-2.1.1.tgz 19364ms (cache miss)
1304 http fetch GET 200 https://registry.npmjs.org/is-data-view/-/is-data-view-1.0.2.tgz 19367ms (cache miss)
1305 http fetch GET 200 https://registry.npmjs.org/is-core-module/-/is-core-module-2.16.1.tgz 19536ms (cache miss)
1306 http fetch GET 200 https://registry.npmjs.org/is-callable/-/is-callable-1.2.7.tgz 19714ms (cache miss)
1307 http fetch GET 200 https://registry.npmjs.org/motion-dom/-/motion-dom-12.34.3.tgz 19771ms (cache miss)
1308 http fetch GET 200 https://registry.npmjs.org/is-finalizationregistry/-/is-finalizationregistry-1.1.1.tgz 19790ms (cache miss)
1309 http fetch GET 200 https://registry.npmjs.org/is-negative-zero/-/is-negative-zero-2.0.3.tgz 19804ms (cache miss)
1310 http fetch GET 200 https://registry.npmjs.org/is-arrayish/-/is-arrayish-0.2.1.tgz 19895ms (cache miss)
1311 http fetch GET 200 https://registry.npmjs.org/is-boolean-object/-/is-boolean-object-1.2.2.tgz 19973ms (cache miss)
1312 http fetch GET 200 https://registry.npmjs.org/is-async-function/-/is-async-function-2.1.1.tgz 20100ms (cache miss)
1313 http fetch GET 200 https://registry.npmjs.org/is-bigint/-/is-bigint-1.1.0.tgz 20183ms (cache miss)
1314 http fetch GET 200 https://registry.npmjs.org/internal-slot/-/internal-slot-1.1.0.tgz 20297ms (cache miss)
1315 http fetch GET 200 https://registry.npmjs.org/internmap/-/internmap-2.0.3.tgz 20318ms (cache miss)
1316 http fetch GET 200 https://registry.npmjs.org/is-array-buffer/-/is-array-buffer-3.0.5.tgz 20326ms (cache miss)
1317 http fetch GET 200 https://registry.npmjs.org/inflight/-/inflight-1.0.6.tgz 20357ms (cache miss)
1318 warn deprecated inflight@1.0.6: This module is not supported, and leaks memory. Do not use it. Check out lru-cache if you want a good and tested way to coalesce async requests by a key value, which is much more comprehensive and powerful.
1319 http fetch GET 200 https://registry.npmjs.org/hoist-non-react-statics/-/hoist-non-react-statics-3.3.2.tgz 20500ms (cache miss)
1320 http fetch GET 200 https://registry.npmjs.org/imurmurhash/-/imurmurhash-0.1.4.tgz 20654ms (cache miss)
1321 http fetch GET 200 https://registry.npmjs.org/ignore/-/ignore-7.0.5.tgz 20794ms (cache miss)
1322 http fetch GET 200 https://registry.npmjs.org/hasown/-/hasown-2.0.2.tgz 20901ms (cache miss)
1323 http fetch GET 200 https://registry.npmjs.org/inherits/-/inherits-2.0.4.tgz 20963ms (cache miss)
1324 http fetch GET 200 https://registry.npmjs.org/jiti/-/jiti-2.6.1.tgz 21098ms (cache miss)
1325 http fetch GET 200 https://registry.npmjs.org/has-symbols/-/has-symbols-1.1.0.tgz 21136ms (cache miss)
1326 http fetch GET 200 https://registry.npmjs.org/has-proto/-/has-proto-1.2.0.tgz 21221ms (cache miss)
1327 http fetch GET 200 https://registry.npmjs.org/has-property-descriptors/-/has-property-descriptors-1.0.2.tgz 21308ms (cache miss)
1328 http fetch GET 200 https://registry.npmjs.org/has-tostringtag/-/has-tostringtag-1.0.2.tgz 21346ms (cache miss)
1329 http fetch GET 200 https://registry.npmjs.org/import-fresh/-/import-fresh-3.3.1.tgz 21358ms (cache miss)
1330 http fetch GET 200 https://registry.npmjs.org/has-bigints/-/has-bigints-1.1.0.tgz 21518ms (cache miss)
1331 http fetch GET 200 https://registry.npmjs.org/recharts/-/recharts-2.15.2.tgz 21552ms (cache miss)
1332 http fetch GET 200 https://registry.npmjs.org/hermes-estree/-/hermes-estree-0.25.1.tgz 21557ms (cache miss)
1333 http fetch GET 200 https://registry.npmjs.org/has-flag/-/has-flag-4.0.0.tgz 21651ms (cache miss)
1334 http fetch GET 200 https://registry.npmjs.org/gopd/-/gopd-1.2.0.tgz 21777ms (cache miss)
1335 http fetch GET 200 https://registry.npmjs.org/input-otp/-/input-otp-1.4.2.tgz 21801ms (cache miss)
1336 http fetch GET 200 https://registry.npmjs.org/globalthis/-/globalthis-1.0.4.tgz 21936ms (cache miss)
1337 http fetch GET 200 https://registry.npmjs.org/get-symbol-description/-/get-symbol-description-1.1.0.tgz 22047ms (cache miss)
1338 http fetch GET 200 https://registry.npmjs.org/glob/-/glob-7.2.3.tgz 22080ms (cache miss)
1339 warn deprecated glob@7.2.3: Old versions of glob are not supported, and contain widely publicized security vulnerabilities, which have been fixed in the current version. Please update. Support for old versions may be purchased (at exorbitant rates) by contacting i@izs.me
1340 http fetch GET 200 https://registry.npmjs.org/glob-parent/-/glob-parent-6.0.2.tgz 22123ms (cache miss)
1341 http fetch GET 200 https://registry.npmjs.org/graceful-fs/-/graceful-fs-4.2.11.tgz 22133ms (cache miss)
1342 http fetch GET 200 https://registry.npmjs.org/get-nonce/-/get-nonce-1.0.1.tgz 22199ms (cache miss)
1343 http fetch GET 200 https://registry.npmjs.org/get-proto/-/get-proto-1.0.1.tgz 22217ms (cache miss)
1344 http fetch GET 200 https://registry.npmjs.org/generator-function/-/generator-function-2.0.1.tgz 22310ms (cache miss)
1345 http fetch GET 200 https://registry.npmjs.org/globals/-/globals-13.24.0.tgz 22320ms (cache miss)
1346 http fetch GET 200 https://registry.npmjs.org/gensync/-/gensync-1.0.0-beta.2.tgz 22354ms (cache miss)
1347 http fetch GET 200 https://registry.npmjs.org/get-intrinsic/-/get-intrinsic-1.3.0.tgz 22459ms (cache miss)
1348 http fetch GET 200 https://registry.npmjs.org/graphemer/-/graphemer-1.4.0.tgz 22494ms (cache miss)
1349 http fetch GET 200 https://registry.npmjs.org/function-bind/-/function-bind-1.1.2.tgz 22512ms (cache miss)
1350 http fetch GET 200 https://registry.npmjs.org/fs.realpath/-/fs.realpath-1.0.0.tgz 22552ms (cache miss)
1351 http fetch GET 200 https://registry.npmjs.org/function.prototype.name/-/function.prototype.name-1.1.8.tgz 22752ms (cache miss)
1352 http fetch GET 200 https://registry.npmjs.org/fsevents/-/fsevents-2.3.3.tgz 22890ms (cache miss)
1353 http fetch GET 200 https://registry.npmjs.org/for-each/-/for-each-0.3.5.tgz 22933ms (cache miss)
1354 http fetch GET 200 https://registry.npmjs.org/find-root/-/find-root-1.1.0.tgz 23007ms (cache miss)
1355 http fetch GET 200 https://registry.npmjs.org/flatted/-/flatted-3.3.3.tgz 23025ms (cache miss)
1356 http fetch GET 200 https://registry.npmjs.org/flat-cache/-/flat-cache-3.2.0.tgz 23030ms (cache miss)
1357 http fetch GET 200 https://registry.npmjs.org/find-up/-/find-up-5.0.0.tgz 23119ms (cache miss)
1358 http fetch GET 200 https://registry.npmjs.org/fast-levenshtein/-/fast-levenshtein-2.0.6.tgz 23215ms (cache miss)
1359 http fetch GET 200 https://registry.npmjs.org/fast-json-stable-stringify/-/fast-json-stable-stringify-2.1.0.tgz 23316ms (cache miss)
1360 http fetch GET 200 https://registry.npmjs.org/file-entry-cache/-/file-entry-cache-6.0.1.tgz 23901ms (cache miss)
1361 http fetch GET 200 https://registry.npmjs.org/functions-have-names/-/functions-have-names-1.2.3.tgz 24166ms (cache miss)
1362 http fetch GET 200 https://registry.npmjs.org/fast-deep-equal/-/fast-deep-equal-3.1.3.tgz 24260ms (cache miss)
1363 http fetch GET 200 https://registry.npmjs.org/fast-equals/-/fast-equals-5.4.0.tgz 24263ms (cache miss)
1364 http fetch GET 200 https://registry.npmjs.org/expect-type/-/expect-type-1.3.0.tgz 24317ms (cache miss)
1365 http fetch GET 200 https://registry.npmjs.org/fdir/-/fdir-6.5.0.tgz 24505ms (cache miss)
1366 http fetch GET 200 https://registry.npmjs.org/estree-walker/-/estree-walker-3.0.3.tgz 24587ms (cache miss)
1367 http fetch GET 200 https://registry.npmjs.org/esutils/-/esutils-2.0.3.tgz 24658ms (cache miss)
1368 http fetch GET 200 https://registry.npmjs.org/eventemitter3/-/eventemitter3-4.0.7.tgz 24749ms (cache miss)
1369 http fetch GET 200 https://registry.npmjs.org/estraverse/-/estraverse-5.3.0.tgz 24753ms (cache miss)
1370 http fetch GET 200 https://registry.npmjs.org/esrecurse/-/esrecurse-4.3.0.tgz 24984ms (cache miss)
1371 http fetch GET 200 https://registry.npmjs.org/espree/-/espree-9.6.1.tgz 25064ms (cache miss)
1372 http fetch GET 200 https://registry.npmjs.org/eslint-visitor-keys/-/eslint-visitor-keys-3.4.3.tgz 25373ms (cache miss)
1373 http fetch GET 200 https://registry.npmjs.org/hermes-parser/-/hermes-parser-0.25.1.tgz 25573ms (cache miss)
1374 http fetch GET 200 https://registry.npmjs.org/eslint-scope/-/eslint-scope-7.2.2.tgz 25927ms (cache miss)
1375 http fetch GET 200 https://registry.npmjs.org/escape-string-regexp/-/escape-string-regexp-4.0.0.tgz 25980ms (cache miss)
1376 http fetch GET 200 https://registry.npmjs.org/escalade/-/escalade-3.2.0.tgz 26349ms (cache miss)
1377 http fetch GET 200 https://registry.npmjs.org/fastq/-/fastq-1.20.1.tgz 26696ms (cache miss)
1378 http fetch GET 200 https://registry.npmjs.org/esquery/-/esquery-1.7.0.tgz 26855ms (cache miss)
1379 http fetch GET 200 https://registry.npmjs.org/es-to-primitive/-/es-to-primitive-1.3.0.tgz 26997ms (cache miss)
1380 http fetch GET 200 https://registry.npmjs.org/es-shim-unscopables/-/es-shim-unscopables-1.1.0.tgz 27080ms (cache miss)
1381 http fetch GET 200 https://registry.npmjs.org/es-set-tostringtag/-/es-set-tostringtag-2.1.0.tgz 27171ms (cache miss)
1382 http fetch GET 200 https://registry.npmjs.org/esbuild/-/esbuild-0.25.12.tgz 27455ms (cache miss)
1383 http fetch GET 200 https://registry.npmjs.org/es-object-atoms/-/es-object-atoms-1.1.1.tgz 27536ms (cache miss)
1384 http fetch GET 200 https://registry.npmjs.org/react-router/-/react-router-7.13.0.tgz 27582ms (cache miss)
1385 http fetch GET 200 https://registry.npmjs.org/es-errors/-/es-errors-1.3.0.tgz 27892ms (cache miss)
1386 http fetch GET 200 https://registry.npmjs.org/es-module-lexer/-/es-module-lexer-1.7.0.tgz 27898ms (cache miss)
1387 http fetch GET 200 https://registry.npmjs.org/es-iterator-helpers/-/es-iterator-helpers-1.2.2.tgz 28286ms (cache miss)
1388 http fetch GET 200 https://registry.npmjs.org/error-ex/-/error-ex-1.3.4.tgz 28378ms (cache miss)
1389 http fetch GET 200 https://registry.npmjs.org/eslint-plugin-react/-/eslint-plugin-react-7.37.5.tgz 28385ms (cache miss)
1390 http fetch GET 200 https://registry.npmjs.org/embla-carousel-reactive-utils/-/embla-carousel-reactive-utils-8.6.0.tgz 28811ms (cache miss)
1391 http fetch GET 200 https://registry.npmjs.org/enhanced-resolve/-/enhanced-resolve-5.19.0.tgz 28833ms (cache miss)
1392 http fetch GET 200 https://registry.npmjs.org/es-define-property/-/es-define-property-1.0.1.tgz 28896ms (cache miss)
1393 http fetch GET 200 https://registry.npmjs.org/embla-carousel-react/-/embla-carousel-react-8.6.0.tgz 28924ms (cache miss)
1394 http fetch GET 200 https://registry.npmjs.org/dom-helpers/-/dom-helpers-5.2.1.tgz 29480ms (cache miss)
1395 http fetch GET 200 https://registry.npmjs.org/dunder-proto/-/dunder-proto-1.0.1.tgz 29541ms (cache miss)
1396 http fetch GET 200 https://registry.npmjs.org/electron-to-chromium/-/electron-to-chromium-1.5.286.tgz 29743ms (cache miss)
1397 http fetch GET 200 https://registry.npmjs.org/doctrine/-/doctrine-2.1.0.tgz 29899ms (cache miss)
1398 http fetch GET 200 https://registry.npmjs.org/detect-node-es/-/detect-node-es-1.1.0.tgz 30053ms (cache miss)
1399 http fetch GET 200 https://registry.npmjs.org/define-properties/-/define-properties-1.2.1.tgz 30167ms (cache miss)
1400 http fetch GET 200 https://registry.npmjs.org/detect-libc/-/detect-libc-2.1.2.tgz 30302ms (cache miss)
1401 http fetch GET 200 https://registry.npmjs.org/define-data-property/-/define-data-property-1.1.4.tgz 30418ms (cache miss)
1402 http fetch GET 200 https://registry.npmjs.org/deep-is/-/deep-is-0.1.4.tgz 30476ms (cache miss)
1403 http fetch GET 200 https://registry.npmjs.org/dnd-core/-/dnd-core-16.0.1.tgz 30532ms (cache miss)
1404 http fetch GET 200 https://registry.npmjs.org/embla-carousel/-/embla-carousel-8.6.0.tgz 30611ms (cache miss)
1405 http fetch GET 200 https://registry.npmjs.org/es-abstract/-/es-abstract-1.24.1.tgz 30861ms (cache miss)
1406 http fetch GET 200 https://registry.npmjs.org/data-view-byte-length/-/data-view-byte-length-1.0.2.tgz 30958ms (cache miss)
1407 http fetch GET 200 https://registry.npmjs.org/debug/-/debug-4.4.3.tgz 30958ms (cache miss)
1408 http fetch GET 200 https://registry.npmjs.org/data-view-buffer/-/data-view-buffer-1.0.2.tgz 31064ms (cache miss)
1409 http fetch GET 200 https://registry.npmjs.org/d3-timer/-/d3-timer-3.0.1.tgz 31153ms (cache miss)
1410 http fetch GET 200 https://registry.npmjs.org/decimal.js-light/-/decimal.js-light-2.5.1.tgz 31304ms (cache miss)
1411 http fetch GET 200 https://registry.npmjs.org/d3-time-format/-/d3-time-format-4.1.0.tgz 31507ms (cache miss)
1412 http fetch GET 200 https://registry.npmjs.org/d3-time/-/d3-time-3.1.0.tgz 31537ms (cache miss)
1413 http fetch GET 200 https://registry.npmjs.org/which-builtin-type/-/which-builtin-type-1.2.1.tgz 31608ms (cache miss)
1414 http fetch GET 200 https://registry.npmjs.org/data-view-byte-offset/-/data-view-byte-offset-1.0.1.tgz 31781ms (cache miss)
1415 http fetch GET 200 https://registry.npmjs.org/d3-path/-/d3-path-3.1.0.tgz 32020ms (cache miss)
1416 http fetch GET 200 https://registry.npmjs.org/d3-shape/-/d3-shape-3.2.0.tgz 32225ms (cache miss)
1417 http fetch GET 200 https://registry.npmjs.org/d3-interpolate/-/d3-interpolate-3.0.1.tgz 32531ms (cache miss)
1418 http fetch GET 200 https://registry.npmjs.org/d3-ease/-/d3-ease-3.0.1.tgz 32558ms (cache miss)
1419 http fetch GET 200 https://registry.npmjs.org/d3-format/-/d3-format-3.1.2.tgz 32726ms (cache miss)
1420 http fetch GET 200 https://registry.npmjs.org/d3-scale/-/d3-scale-4.0.2.tgz 32780ms (cache miss)
1421 http fetch GET 200 https://registry.npmjs.org/cross-spawn/-/cross-spawn-7.0.6.tgz 33092ms (cache miss)
1422 http fetch GET 200 https://registry.npmjs.org/cosmiconfig/-/cosmiconfig-7.1.0.tgz 33472ms (cache miss)
1423 http fetch GET 200 https://registry.npmjs.org/d3-color/-/d3-color-3.1.0.tgz 33611ms (cache miss)
1424 http fetch GET 200 https://registry.npmjs.org/cookie/-/cookie-1.1.1.tgz 33643ms (cache miss)
1425 http fetch GET 200 https://registry.npmjs.org/concat-map/-/concat-map-0.0.1.tgz 33776ms (cache miss)
1426 http fetch GET 200 https://registry.npmjs.org/color-name/-/color-name-1.1.4.tgz 33841ms (cache miss)
1427 http fetch GET 200 https://registry.npmjs.org/convert-source-map/-/convert-source-map-2.0.0.tgz 33876ms (cache miss)
1428 http fetch GET 200 https://registry.npmjs.org/prettier/-/prettier-3.8.1.tgz 34165ms (cache miss)
1429 http fetch GET 200 https://registry.npmjs.org/eslint-plugin-react-hooks/-/eslint-plugin-react-hooks-7.0.1.tgz 34185ms (cache miss)
1430 http fetch GET 200 https://registry.npmjs.org/color-convert/-/color-convert-2.0.1.tgz 34312ms (cache miss)
1431 http fetch GET 200 https://registry.npmjs.org/classnames/-/classnames-2.5.1.tgz 34312ms (cache miss)
1432 http fetch GET 200 https://registry.npmjs.org/cmdk/-/cmdk-1.1.1.tgz 34314ms (cache miss)
1433 http fetch GET 200 https://registry.npmjs.org/chownr/-/chownr-3.0.0.tgz 34411ms (cache miss)
1434 http fetch GET 200 https://registry.npmjs.org/clsx/-/clsx-2.1.1.tgz 34462ms (cache miss)
1435 http fetch GET 200 https://registry.npmjs.org/chalk/-/chalk-4.1.2.tgz 34643ms (cache miss)
1436 http fetch GET 200 https://registry.npmjs.org/call-bound/-/call-bound-1.0.4.tgz 34642ms (cache miss)
1437 http fetch GET 200 https://registry.npmjs.org/callsites/-/callsites-3.1.0.tgz 34818ms (cache miss)
1438 http fetch GET 200 https://registry.npmjs.org/brace-expansion/-/brace-expansion-5.0.3.tgz 34835ms (cache miss)
1439 http fetch GET 200 https://registry.npmjs.org/call-bind/-/call-bind-1.0.8.tgz 34842ms (cache miss)
1440 http fetch GET 200 https://registry.npmjs.org/chai/-/chai-6.2.2.tgz 34844ms (cache miss)
1441 http fetch GET 200 https://registry.npmjs.org/class-variance-authority/-/class-variance-authority-0.7.1.tgz 34994ms (cache miss)
1442 http fetch GET 200 https://registry.npmjs.org/available-typed-arrays/-/available-typed-arrays-1.0.7.tgz 35149ms (cache miss)
1443 http fetch GET 200 https://registry.npmjs.org/balanced-match/-/balanced-match-4.0.4.tgz 35162ms (cache miss)
1444 http fetch GET 200 https://registry.npmjs.org/zod/-/zod-4.3.6.tgz 35236ms (cache miss)
1445 http fetch GET 200 https://registry.npmjs.org/d3-array/-/d3-array-3.2.4.tgz 35199ms (cache miss)
1446 http fetch GET 200 https://registry.npmjs.org/arraybuffer.prototype.slice/-/arraybuffer.prototype.slice-1.0.4.tgz 35347ms (cache miss)
1447 http fetch GET 200 https://registry.npmjs.org/assertion-error/-/assertion-error-2.0.1.tgz 35347ms (cache miss)
1448 http fetch GET 200 https://registry.npmjs.org/csstype/-/csstype-3.2.3.tgz 35557ms (cache miss)
1449 http fetch GET 200 https://registry.npmjs.org/babel-plugin-macros/-/babel-plugin-macros-3.1.0.tgz 35675ms (cache miss)
1450 http fetch GET 200 https://registry.npmjs.org/browserslist/-/browserslist-4.28.1.tgz 35676ms (cache miss)
1451 http fetch GET 200 https://registry.npmjs.org/call-bind-apply-helpers/-/call-bind-apply-helpers-1.0.2.tgz 35759ms (cache miss)
1452 http fetch GET 200 https://registry.npmjs.org/aria-hidden/-/aria-hidden-1.2.6.tgz 35870ms (cache miss)
1453 http fetch GET 200 https://registry.npmjs.org/array.prototype.tosorted/-/array.prototype.tosorted-1.1.4.tgz 35899ms (cache miss)
1454 http fetch GET 200 https://registry.npmjs.org/array.prototype.findlast/-/array.prototype.findlast-1.2.5.tgz 35906ms (cache miss)
1455 http fetch GET 200 https://registry.npmjs.org/array.prototype.flat/-/array.prototype.flat-1.3.3.tgz 35921ms (cache miss)
1456 http fetch GET 200 https://registry.npmjs.org/ansi-regex/-/ansi-regex-5.0.1.tgz 36008ms (cache miss)
1457 http fetch GET 200 https://registry.npmjs.org/array-includes/-/array-includes-3.1.9.tgz 36023ms (cache miss)
1458 http fetch GET 200 https://registry.npmjs.org/ansi-styles/-/ansi-styles-4.3.0.tgz 36210ms (cache miss)
1459 http fetch GET 200 https://registry.npmjs.org/acorn-jsx/-/acorn-jsx-5.3.2.tgz 36219ms (cache miss)
1460 http fetch GET 200 https://registry.npmjs.org/array-buffer-byte-length/-/array-buffer-byte-length-1.0.2.tgz 36386ms (cache miss)
1461 http fetch GET 200 https://registry.npmjs.org/baseline-browser-mapping/-/baseline-browser-mapping-2.9.19.tgz 36391ms (cache miss)
1462 http fetch GET 200 https://registry.npmjs.org/array.prototype.flatmap/-/array.prototype.flatmap-1.3.3.tgz 36429ms (cache miss)
1463 http fetch GET 200 https://registry.npmjs.org/@vitest/spy/-/spy-4.0.18.tgz 36746ms (cache miss)
1464 http fetch GET 200 https://registry.npmjs.org/eslint/-/eslint-8.57.1.tgz 36770ms (cache miss)
1465 warn deprecated eslint@8.57.1: This version is no longer supported. Please see https://eslint.org/version-support for other options.
1466 http fetch GET 200 https://registry.npmjs.org/@vitest/expect/-/expect-4.0.18.tgz 37242ms (cache miss)
1467 http fetch GET 200 https://registry.npmjs.org/@vitest/utils/-/utils-4.0.18.tgz 37343ms (cache miss)
1468 http fetch GET 200 https://registry.npmjs.org/@vitejs/plugin-react/-/plugin-react-4.7.0.tgz 37622ms (cache miss)
1469 http fetch GET 200 https://registry.npmjs.org/@ungap/structured-clone/-/structured-clone-1.3.0.tgz 37761ms (cache miss)
1470 http fetch GET 200 https://registry.npmjs.org/@vitest/snapshot/-/snapshot-4.0.18.tgz 37775ms (cache miss)
1471 http fetch GET 200 https://registry.npmjs.org/argparse/-/argparse-2.0.1.tgz 37788ms (cache miss)
1472 http fetch GET 200 https://registry.npmjs.org/@vitest/runner/-/runner-4.0.18.tgz 37986ms (cache miss)
1473 http fetch GET 200 https://registry.npmjs.org/acorn/-/acorn-8.16.0.tgz 38019ms (cache miss)
1474 http fetch GET 200 https://registry.npmjs.org/@typescript-eslint/visitor-keys/-/visitor-keys-8.56.1.tgz 38084ms (cache miss)
1475 http fetch GET 200 https://registry.npmjs.org/@vitest/pretty-format/-/pretty-format-4.0.18.tgz 38327ms (cache miss)
1476 http fetch GET 200 https://registry.npmjs.org/@typescript-eslint/types/-/types-8.56.1.tgz 38565ms (cache miss)
1477 http fetch GET 200 https://registry.npmjs.org/@typescript-eslint/tsconfig-utils/-/tsconfig-utils-8.56.1.tgz 38883ms (cache miss)
1478 http fetch GET 200 https://registry.npmjs.org/caniuse-lite/-/caniuse-lite-1.0.30001770.tgz 39089ms (cache miss)
1479 http fetch GET 200 https://registry.npmjs.org/@typescript-eslint/utils/-/utils-8.56.1.tgz 39091ms (cache miss)
1480 http fetch GET 200 https://registry.npmjs.org/@typescript-eslint/project-service/-/project-service-8.56.1.tgz 39172ms (cache miss)
1481 http fetch GET 200 https://registry.npmjs.org/@types/react-transition-group/-/react-transition-group-4.4.12.tgz 39345ms (cache miss)
1482 http fetch GET 200 https://registry.npmjs.org/@types/prop-types/-/prop-types-15.7.15.tgz 39566ms (cache miss)
1483 http fetch GET 200 https://registry.npmjs.org/async-function/-/async-function-1.0.0.tgz 39581ms (cache miss)
1484 http fetch GET 200 https://registry.npmjs.org/@typescript-eslint/type-utils/-/type-utils-8.56.1.tgz 39637ms (cache miss)
1485 http fetch GET 200 https://registry.npmjs.org/@types/deep-eql/-/deep-eql-4.0.2.tgz 39740ms (cache miss)
1486 http fetch GET 200 https://registry.npmjs.org/@typescript-eslint/scope-manager/-/scope-manager-8.56.1.tgz 39869ms (cache miss)
1487 http fetch GET 200 https://registry.npmjs.org/@types/d3-time/-/d3-time-3.0.4.tgz 39875ms (cache miss)
1488 http fetch GET 200 https://registry.npmjs.org/@types/react-dom/-/react-dom-18.3.7.tgz 39904ms (cache miss)
1489 http fetch GET 200 https://registry.npmjs.org/@types/parse-json/-/parse-json-4.0.2.tgz 39910ms (cache miss)
1490 http fetch GET 200 https://registry.npmjs.org/framer-motion/-/framer-motion-12.34.3.tgz 40086ms (cache miss)
1491 http fetch GET 200 https://registry.npmjs.org/@types/estree/-/estree-1.0.8.tgz 40181ms (cache miss)
1492 http fetch GET 200 https://registry.npmjs.org/@types/d3-timer/-/d3-timer-3.0.2.tgz 40201ms (cache miss)
1493 http fetch GET 200 https://registry.npmjs.org/@types/react/-/react-18.3.28.tgz 40228ms (cache miss)
1494 http fetch GET 200 https://registry.npmjs.org/@types/d3-color/-/d3-color-3.1.3.tgz 40379ms (cache miss)
1495 http fetch GET 200 https://registry.npmjs.org/@types/d3-scale/-/d3-scale-4.0.9.tgz 40382ms (cache miss)
1496 http fetch GET 200 https://registry.npmjs.org/ajv/-/ajv-6.14.0.tgz 40390ms (cache miss)
1497 http fetch GET 200 https://registry.npmjs.org/@types/d3-interpolate/-/d3-interpolate-3.0.4.tgz 40402ms (cache miss)
1498 http fetch GET 200 https://registry.npmjs.org/@types/d3-array/-/d3-array-3.2.2.tgz 40408ms (cache miss)
1499 http fetch GET 200 https://registry.npmjs.org/@types/d3-path/-/d3-path-3.1.1.tgz 40457ms (cache miss)
1500 http fetch GET 200 https://registry.npmjs.org/@types/babel__template/-/babel__template-7.4.4.tgz 40591ms (cache miss)
1501 http fetch GET 200 https://registry.npmjs.org/@types/babel__core/-/babel__core-7.20.5.tgz 40615ms (cache miss)
1502 http fetch GET 200 https://registry.npmjs.org/@types/babel__traverse/-/babel__traverse-7.28.0.tgz 40652ms (cache miss)
1503 http fetch GET 200 https://registry.npmjs.org/@types/babel__generator/-/babel__generator-7.27.0.tgz 40694ms (cache miss)
1504 http fetch GET 200 https://registry.npmjs.org/@types/d3-ease/-/d3-ease-3.0.2.tgz 40704ms (cache miss)
1505 http fetch GET 200 https://registry.npmjs.org/@tailwindcss/vite/-/vite-4.1.12.tgz 40725ms (cache miss)
1506 http fetch GET 200 https://registry.npmjs.org/@standard-schema/spec/-/spec-1.1.0.tgz 40881ms (cache miss)
1507 http fetch GET 200 https://registry.npmjs.org/@types/chai/-/chai-5.2.3.tgz 40889ms (cache miss)
1508 http fetch GET 200 https://registry.npmjs.org/@tailwindcss/oxide/-/oxide-4.1.12.tgz 40882ms (cache miss)
1509 http fetch GET 200 https://registry.npmjs.org/@typescript-eslint/typescript-estree/-/typescript-estree-8.56.1.tgz 40929ms (cache miss)
1510 http fetch GET 200 https://registry.npmjs.org/@typescript-eslint/parser/-/parser-8.56.1.tgz 40926ms (cache miss)
1511 http fetch GET 200 https://registry.npmjs.org/@react-dnd/shallowequal/-/shallowequal-4.0.2.tgz 40950ms (cache miss)
1512 http fetch GET 200 https://registry.npmjs.org/@radix-ui/rect/-/rect-1.1.0.tgz 41076ms (cache miss)
1513 http fetch GET 200 https://registry.npmjs.org/@react-dnd/invariant/-/invariant-4.0.2.tgz 41084ms (cache miss)
1514 http fetch GET 200 https://registry.npmjs.org/@radix-ui/react-visually-hidden/-/react-visually-hidden-1.1.2.tgz 41188ms (cache miss)
1515 http fetch GET 200 https://registry.npmjs.org/@rolldown/pluginutils/-/pluginutils-1.0.0-beta.27.tgz 41242ms (cache miss)
1516 http fetch GET 200 https://registry.npmjs.org/@radix-ui/react-use-rect/-/react-use-rect-1.1.0.tgz 41254ms (cache miss)
1517 http fetch GET 200 https://registry.npmjs.org/@tailwindcss/node/-/node-4.1.12.tgz 41286ms (cache miss)
1518 http fetch GET 200 https://registry.npmjs.org/@radix-ui/react-use-layout-effect/-/react-use-layout-effect-1.1.0.tgz 41408ms (cache miss)
1519 http fetch GET 200 https://registry.npmjs.org/@radix-ui/react-use-escape-keydown/-/react-use-escape-keydown-1.1.0.tgz 41408ms (cache miss)
1520 http fetch GET 200 https://registry.npmjs.org/@radix-ui/react-use-previous/-/react-use-previous-1.1.0.tgz 41409ms (cache miss)
1521 http fetch GET 200 https://registry.npmjs.org/@radix-ui/react-use-size/-/react-use-size-1.1.0.tgz 41423ms (cache miss)
1522 http fetch GET 200 https://registry.npmjs.org/@react-dnd/asap/-/asap-5.0.2.tgz 41490ms (cache miss)
1523 http fetch GET 200 https://registry.npmjs.org/@radix-ui/react-use-controllable-state/-/react-use-controllable-state-1.1.0.tgz 41505ms (cache miss)
1524 http fetch GET 200 https://registry.npmjs.org/@radix-ui/react-use-callback-ref/-/react-use-callback-ref-1.1.0.tgz 41779ms (cache miss)
1525 http fetch GET 200 https://registry.npmjs.org/@radix-ui/react-tooltip/-/react-tooltip-1.1.8.tgz 41790ms (cache miss)
1526 http fetch GET 200 https://registry.npmjs.org/react-dom/-/react-dom-18.3.1.tgz 41885ms (cache miss)
1527 http fetch GET 200 https://registry.npmjs.org/@radix-ui/react-toggle/-/react-toggle-1.1.2.tgz 41924ms (cache miss)
1528 http fetch GET 200 https://registry.npmjs.org/@radix-ui/react-switch/-/react-switch-1.1.3.tgz 41925ms (cache miss)
1529 http fetch GET 200 https://registry.npmjs.org/@radix-ui/react-tabs/-/react-tabs-1.1.3.tgz 41925ms (cache miss)
1530 http fetch GET 200 https://registry.npmjs.org/@types/d3-shape/-/d3-shape-3.1.8.tgz 41972ms (cache miss)
1531 http fetch GET 200 https://registry.npmjs.org/@radix-ui/react-slot/-/react-slot-1.1.2.tgz 41947ms (cache miss)
1532 http fetch GET 200 https://registry.npmjs.org/@radix-ui/react-toggle-group/-/react-toggle-group-1.1.2.tgz 41949ms (cache miss)
1533 http fetch GET 200 https://registry.npmjs.org/@radix-ui/react-separator/-/react-separator-1.1.2.tgz 42121ms (cache miss)
1534 http fetch GET 200 https://registry.npmjs.org/@radix-ui/react-progress/-/react-progress-1.1.2.tgz 42234ms (cache miss)
1535 http fetch GET 200 https://registry.npmjs.org/@typescript-eslint/eslint-plugin/-/eslint-plugin-8.56.1.tgz 42281ms (cache miss)
1536 http fetch GET 200 https://registry.npmjs.org/@radix-ui/react-primitive/-/react-primitive-2.0.2.tgz 42259ms (cache miss)
1537 http fetch GET 200 https://registry.npmjs.org/@radix-ui/react-roving-focus/-/react-roving-focus-1.1.2.tgz 42447ms (cache miss)
1538 http fetch GET 200 https://registry.npmjs.org/@radix-ui/react-radio-group/-/react-radio-group-1.2.3.tgz 42491ms (cache miss)
1539 http fetch GET 200 https://registry.npmjs.org/@radix-ui/react-portal/-/react-portal-1.1.4.tgz 42648ms (cache miss)
1540 http fetch GET 200 https://registry.npmjs.org/@radix-ui/react-label/-/react-label-2.1.2.tgz 42722ms (cache miss)
1541 http fetch GET 200 https://registry.npmjs.org/@radix-ui/react-scroll-area/-/react-scroll-area-1.2.3.tgz 42737ms (cache miss)
1542 http fetch GET 200 https://registry.npmjs.org/@radix-ui/react-slider/-/react-slider-1.2.3.tgz 42770ms (cache miss)
1543 http fetch GET 200 https://registry.npmjs.org/@radix-ui/react-popper/-/react-popper-1.2.2.tgz 42799ms (cache miss)
1544 http fetch GET 200 https://registry.npmjs.org/@radix-ui/react-presence/-/react-presence-1.1.2.tgz 42976ms (cache miss)
1545 http fetch GET 200 https://registry.npmjs.org/@radix-ui/react-focus-guards/-/react-focus-guards-1.1.1.tgz 43164ms (cache miss)
1546 http fetch GET 200 https://registry.npmjs.org/@radix-ui/react-navigation-menu/-/react-navigation-menu-1.2.5.tgz 43179ms (cache miss)
1547 http fetch GET 200 https://registry.npmjs.org/@radix-ui/react-menubar/-/react-menubar-1.1.6.tgz 43181ms (cache miss)
1548 http fetch GET 200 https://registry.npmjs.org/@radix-ui/react-select/-/react-select-2.1.6.tgz 43224ms (cache miss)
1549 http fetch GET 200 https://registry.npmjs.org/@radix-ui/react-direction/-/react-direction-1.1.0.tgz 43256ms (cache miss)
1550 http fetch GET 200 https://registry.npmjs.org/@radix-ui/react-hover-card/-/react-hover-card-1.1.6.tgz 43309ms (cache miss)
1551 http fetch GET 200 https://registry.npmjs.org/@radix-ui/react-dismissable-layer/-/react-dismissable-layer-1.1.5.tgz 43489ms (cache miss)
1552 http fetch GET 200 https://registry.npmjs.org/@radix-ui/react-menu/-/react-menu-2.1.6.tgz 43491ms (cache miss)
1553 http fetch GET 200 https://registry.npmjs.org/@radix-ui/react-context/-/react-context-1.1.1.tgz 43584ms (cache miss)
1554 http fetch GET 200 https://registry.npmjs.org/@radix-ui/react-collection/-/react-collection-1.1.2.tgz 43691ms (cache miss)
1555 http fetch GET 200 https://registry.npmjs.org/@radix-ui/react-dialog/-/react-dialog-1.1.6.tgz 43692ms (cache miss)
1556 http fetch GET 200 https://registry.npmjs.org/@radix-ui/react-context-menu/-/react-context-menu-2.2.6.tgz 43706ms (cache miss)
1557 http fetch GET 200 https://registry.npmjs.org/@radix-ui/react-dropdown-menu/-/react-dropdown-menu-2.1.6.tgz 43712ms (cache miss)
1558 http fetch GET 200 https://registry.npmjs.org/@radix-ui/react-popover/-/react-popover-1.1.6.tgz 43734ms (cache miss)
1559 http fetch GET 200 https://registry.npmjs.org/@radix-ui/react-avatar/-/react-avatar-1.1.3.tgz 43819ms (cache miss)
1560 http fetch GET 200 https://registry.npmjs.org/@radix-ui/react-id/-/react-id-1.1.0.tgz 43827ms (cache miss)
1561 http fetch GET 200 https://registry.npmjs.org/@radix-ui/react-collapsible/-/react-collapsible-1.1.3.tgz 43836ms (cache miss)
1562 http fetch GET 200 https://registry.npmjs.org/@radix-ui/react-checkbox/-/react-checkbox-1.1.4.tgz 43862ms (cache miss)
1563 http fetch GET 200 https://registry.npmjs.org/@radix-ui/react-compose-refs/-/react-compose-refs-1.1.1.tgz 43867ms (cache miss)
1564 http fetch GET 200 https://registry.npmjs.org/@radix-ui/primitive/-/primitive-1.1.1.tgz 43908ms (cache miss)
1565 http fetch GET 200 https://registry.npmjs.org/@radix-ui/react-aspect-ratio/-/react-aspect-ratio-1.1.2.tgz 44013ms (cache miss)
1566 http fetch GET 200 https://registry.npmjs.org/@radix-ui/react-alert-dialog/-/react-alert-dialog-1.1.6.tgz 44014ms (cache miss)
1567 http fetch GET 200 https://registry.npmjs.org/@nodelib/fs.walk/-/fs.walk-1.2.8.tgz 44042ms (cache miss)
1568 http fetch GET 200 https://registry.npmjs.org/@radix-ui/react-focus-scope/-/react-focus-scope-1.1.2.tgz 44073ms (cache miss)
1569 http fetch GET 200 https://registry.npmjs.org/@radix-ui/react-arrow/-/react-arrow-1.1.2.tgz 44210ms (cache miss)
1570 http fetch GET 200 https://registry.npmjs.org/@nodelib/fs.stat/-/fs.stat-2.0.5.tgz 44210ms (cache miss)
1571 http fetch GET 200 https://registry.npmjs.org/@nodelib/fs.scandir/-/fs.scandir-2.1.5.tgz 44221ms (cache miss)
1572 http fetch GET 200 https://registry.npmjs.org/@radix-ui/react-accordion/-/react-accordion-1.2.3.tgz 44245ms (cache miss)
1573 http fetch GET 200 https://registry.npmjs.org/@radix-ui/number/-/number-1.1.0.tgz 44280ms (cache miss)
1574 http fetch GET 200 https://registry.npmjs.org/@mui/types/-/types-7.4.11.tgz 44303ms (cache miss)
1575 http fetch GET 200 https://registry.npmjs.org/@mui/core-downloads-tracker/-/core-downloads-tracker-7.3.8.tgz 44399ms (cache miss)
1576 http fetch GET 200 https://registry.npmjs.org/@jridgewell/trace-mapping/-/trace-mapping-0.3.31.tgz 44790ms (cache miss)
1577 http fetch GET 200 https://registry.npmjs.org/@jridgewell/remapping/-/remapping-2.3.5.tgz 44937ms (cache miss)
1578 http fetch GET 200 https://registry.npmjs.org/@mui/styled-engine/-/styled-engine-7.3.8.tgz 45072ms (cache miss)
1579 http fetch GET 200 https://registry.npmjs.org/@jridgewell/gen-mapping/-/gen-mapping-0.3.13.tgz 45072ms (cache miss)
1580 http fetch GET 200 https://registry.npmjs.org/@isaacs/fs-minipass/-/fs-minipass-4.0.1.tgz 45104ms (cache miss)
1581 http fetch GET 200 https://registry.npmjs.org/@humanwhocodes/object-schema/-/object-schema-2.0.3.tgz 45306ms (cache miss)
1582 warn deprecated @humanwhocodes/object-schema@2.0.3: Use @eslint/object-schema instead
1583 http fetch GET 200 https://registry.npmjs.org/@humanwhocodes/module-importer/-/module-importer-1.0.1.tgz 45578ms (cache miss)
1584 http fetch GET 200 https://registry.npmjs.org/@jridgewell/resolve-uri/-/resolve-uri-3.1.2.tgz 45610ms (cache miss)
1585 http fetch GET 200 https://registry.npmjs.org/@floating-ui/react-dom/-/react-dom-2.1.7.tgz 45777ms (cache miss)
1586 http fetch GET 200 https://registry.npmjs.org/@humanwhocodes/config-array/-/config-array-0.13.0.tgz 45940ms (cache miss)
1587 warn deprecated @humanwhocodes/config-array@0.13.0: Use @eslint/config-array instead
1588 http fetch GET 200 https://registry.npmjs.org/@mui/private-theming/-/private-theming-7.3.8.tgz 45949ms (cache miss)
1589 http fetch GET 200 https://registry.npmjs.org/@eslint/js/-/js-8.57.1.tgz 46119ms (cache miss)
1590 http fetch GET 200 https://registry.npmjs.org/@floating-ui/utils/-/utils-0.2.10.tgz 46150ms (cache miss)
1591 http fetch GET 200 https://registry.npmjs.org/@floating-ui/dom/-/dom-1.7.5.tgz 46329ms (cache miss)
1592 http fetch GET 200 https://registry.npmjs.org/@floating-ui/core/-/core-1.7.4.tgz 46652ms (cache miss)
1593 http fetch GET 200 https://registry.npmjs.org/@jridgewell/sourcemap-codec/-/sourcemap-codec-1.5.5.tgz 46657ms (cache miss)
1594 http fetch GET 200 https://registry.npmjs.org/@mui/utils/-/utils-7.3.8.tgz 46688ms (cache miss)
1595 http fetch GET 200 https://registry.npmjs.org/@emotion/weak-memoize/-/weak-memoize-0.4.0.tgz 46712ms (cache miss)
1596 http fetch GET 200 https://registry.npmjs.org/@emotion/use-insertion-effect-with-fallbacks/-/use-insertion-effect-with-fallbacks-1.2.0.tgz 46899ms (cache miss)
1597 http fetch GET 200 https://registry.npmjs.org/@emotion/utils/-/utils-1.4.2.tgz 47033ms (cache miss)
1598 http fetch GET 200 https://registry.npmjs.org/@eslint-community/regexpp/-/regexpp-4.12.2.tgz 47765ms (cache miss)
1599 http fetch GET 200 https://registry.npmjs.org/@mui/system/-/system-7.3.8.tgz 48050ms (cache miss)
1600 http fetch GET 200 https://registry.npmjs.org/@eslint-community/eslint-utils/-/eslint-utils-4.9.1.tgz 48224ms (cache miss)
1601 http fetch GET 200 https://registry.npmjs.org/@emotion/sheet/-/sheet-1.4.0.tgz 48255ms (cache miss)
1602 http fetch GET 200 https://registry.npmjs.org/@emotion/serialize/-/serialize-1.3.3.tgz 48335ms (cache miss)
1603 http fetch GET 200 https://registry.npmjs.org/@emotion/unitless/-/unitless-0.10.0.tgz 48346ms (cache miss)
1604 http fetch GET 200 https://registry.npmjs.org/@emotion/memoize/-/memoize-0.9.0.tgz 48446ms (cache miss)
1605 http fetch GET 200 https://registry.npmjs.org/@emotion/hash/-/hash-0.9.2.tgz 48722ms (cache miss)
1606 http fetch GET 200 https://registry.npmjs.org/@emotion/cache/-/cache-11.14.0.tgz 48857ms (cache miss)
1607 http fetch GET 200 https://registry.npmjs.org/@emotion/styled/-/styled-11.14.1.tgz 48995ms (cache miss)
1608 http fetch GET 200 https://registry.npmjs.org/@emotion/is-prop-valid/-/is-prop-valid-1.4.0.tgz 49008ms (cache miss)
1609 http fetch GET 200 https://registry.npmjs.org/@babel/plugin-transform-react-jsx-source/-/plugin-transform-react-jsx-source-7.27.1.tgz 49098ms (cache miss)
1610 http fetch GET 200 https://registry.npmjs.org/@emotion/babel-plugin/-/babel-plugin-11.13.5.tgz 50418ms (cache miss)
1611 http fetch GET 200 https://registry.npmjs.org/@babel/plugin-transform-react-jsx-self/-/plugin-transform-react-jsx-self-7.27.1.tgz 50575ms (cache miss)
1612 http fetch GET 200 https://registry.npmjs.org/@emotion/react/-/react-11.14.0.tgz 51094ms (cache miss)
1613 http fetch GET 200 https://registry.npmjs.org/@babel/template/-/template-7.28.6.tgz 51128ms (cache miss)
1614 http fetch GET 200 https://registry.npmjs.org/@babel/traverse/-/traverse-7.29.0.tgz 51921ms (cache miss)
1615 http fetch GET 200 https://registry.npmjs.org/@rollup/rollup-darwin-arm64/-/rollup-darwin-arm64-4.57.1.tgz 52396ms (cache miss)
1616 http fetch GET 200 https://registry.npmjs.org/@babel/runtime/-/runtime-7.28.6.tgz 52423ms (cache miss)
1617 http fetch GET 200 https://registry.npmjs.org/@babel/helper-validator-option/-/helper-validator-option-7.27.1.tgz 52531ms (cache miss)
1618 http fetch GET 200 https://registry.npmjs.org/@eslint/eslintrc/-/eslintrc-2.1.4.tgz 53090ms (cache miss)
1619 http fetch GET 200 https://registry.npmjs.org/@babel/helper-plugin-utils/-/helper-plugin-utils-7.28.6.tgz 53173ms (cache miss)
1620 http fetch GET 200 https://registry.npmjs.org/@babel/helper-string-parser/-/helper-string-parser-7.27.1.tgz 53263ms (cache miss)
1621 http fetch GET 200 https://registry.npmjs.org/@popperjs/core/-/core-2.11.8.tgz 53747ms (cache miss)
1622 http fetch GET 200 https://registry.npmjs.org/@babel/helper-validator-identifier/-/helper-validator-identifier-7.28.5.tgz 53761ms (cache miss)
1623 http fetch GET 200 https://registry.npmjs.org/@babel/helper-globals/-/helper-globals-7.28.0.tgz 53840ms (cache miss)
1624 http fetch GET 200 https://registry.npmjs.org/@babel/helper-module-imports/-/helper-module-imports-7.28.6.tgz 54028ms (cache miss)
1625 http fetch GET 200 https://registry.npmjs.org/@babel/helper-compilation-targets/-/helper-compilation-targets-7.28.6.tgz 54042ms (cache miss)
1626 http fetch GET 200 https://registry.npmjs.org/@babel/code-frame/-/code-frame-7.29.0.tgz 54198ms (cache miss)
1627 http fetch GET 200 https://registry.npmjs.org/@babel/compat-data/-/compat-data-7.29.0.tgz 54337ms (cache miss)
1628 http fetch GET 200 https://registry.npmjs.org/typescript/-/typescript-5.9.3.tgz 54507ms (cache miss)
1629 http fetch GET 200 https://registry.npmjs.org/@babel/helper-module-transforms/-/helper-module-transforms-7.28.6.tgz 54897ms (cache miss)
1630 http fetch GET 200 https://registry.npmjs.org/@babel/generator/-/generator-7.29.1.tgz 55713ms (cache miss)
1631 http fetch GET 200 https://registry.npmjs.org/@vitest/mocker/-/mocker-4.0.18.tgz 55758ms (cache miss)
1632 http fetch GET 200 https://registry.npmjs.org/yallist/-/yallist-5.0.0.tgz 55929ms (cache miss)
1633 http fetch GET 200 https://registry.npmjs.org/@mui/material/-/material-7.3.5.tgz 55996ms (cache miss)
1634 http fetch GET 200 https://registry.npmjs.org/react-is/-/react-is-16.13.1.tgz 56190ms (cache miss)
1635 http fetch GET 200 https://registry.npmjs.org/react-is/-/react-is-16.13.1.tgz 56312ms (cache miss)
1636 http fetch GET 200 https://registry.npmjs.org/minimatch/-/minimatch-3.1.5.tgz 56564ms (cache miss)
1637 http fetch GET 200 https://registry.npmjs.org/balanced-match/-/balanced-match-1.0.2.tgz 56633ms (cache miss)
1638 http fetch GET 200 https://registry.npmjs.org/react-is/-/react-is-18.3.1.tgz 56728ms (cache miss)
1639 http fetch GET 200 https://registry.npmjs.org/@babel/helpers/-/helpers-7.28.6.tgz 56759ms (cache miss)
1640 http fetch GET 200 https://registry.npmjs.org/brace-expansion/-/brace-expansion-1.1.12.tgz 56756ms (cache miss)
1641 http fetch GET 200 https://registry.npmjs.org/balanced-match/-/balanced-match-1.0.2.tgz 56856ms (cache miss)
1642 http fetch GET 200 https://registry.npmjs.org/resolve/-/resolve-2.0.0-next.6.tgz 57239ms (cache miss)
1643 http fetch GET 200 https://registry.npmjs.org/brace-expansion/-/brace-expansion-1.1.12.tgz 57311ms (cache miss)
1644 http fetch GET 200 https://registry.npmjs.org/minimatch/-/minimatch-3.1.5.tgz 57475ms (cache miss)
1645 http fetch GET 200 https://registry.npmjs.org/esbuild/-/esbuild-0.27.3.tgz 57614ms (cache miss)
1646 http fetch GET 200 https://registry.npmjs.org/balanced-match/-/balanced-match-1.0.2.tgz 57699ms (cache miss)
1647 http fetch GET 200 https://registry.npmjs.org/ignore/-/ignore-5.3.2.tgz 57802ms (cache miss)
1648 http fetch GET 200 https://registry.npmjs.org/brace-expansion/-/brace-expansion-1.1.12.tgz 57804ms (cache miss)
1649 http fetch GET 200 https://registry.npmjs.org/doctrine/-/doctrine-3.0.0.tgz 58202ms (cache miss)
1650 http fetch GET 200 https://registry.npmjs.org/eslint-visitor-keys/-/eslint-visitor-keys-5.0.1.tgz 58316ms (cache miss)
1651 http fetch GET 200 https://registry.npmjs.org/minimatch/-/minimatch-3.1.5.tgz 58489ms (cache miss)
1652 http fetch GET 200 https://registry.npmjs.org/semver/-/semver-7.7.4.tgz 58640ms (cache miss)
1653 http fetch GET 200 https://registry.npmjs.org/brace-expansion/-/brace-expansion-1.1.12.tgz 58662ms (cache miss)
1654 http fetch GET 200 https://registry.npmjs.org/balanced-match/-/balanced-match-1.0.2.tgz 58741ms (cache miss)
1655 http fetch GET 200 https://registry.npmjs.org/ignore/-/ignore-5.3.2.tgz 58914ms (cache miss)
1656 http fetch GET 200 https://registry.npmjs.org/convert-source-map/-/convert-source-map-1.9.0.tgz 59005ms (cache miss)
1657 http fetch GET 200 https://registry.npmjs.org/balanced-match/-/balanced-match-1.0.2.tgz 59065ms (cache miss)
1658 http fetch GET 200 https://registry.npmjs.org/yaml/-/yaml-1.10.2.tgz 59129ms (cache miss)
1659 http fetch GET 200 https://registry.npmjs.org/brace-expansion/-/brace-expansion-1.1.12.tgz 59142ms (cache miss)
1660 http fetch GET 200 https://registry.npmjs.org/minimatch/-/minimatch-3.1.5.tgz 59214ms (cache miss)
1661 http fetch GET 200 https://registry.npmjs.org/brace-expansion 57996ms (cache miss)
1662 silly packumentCache corgi:https://registry.npmjs.org/brace-expansion set size:undefined disposed:false
1663 http fetch GET 200 https://registry.npmjs.org/minimatch/-/minimatch-3.1.5.tgz 59402ms (cache miss)
1664 http fetch GET 200 https://registry.npmjs.org/flatted 58314ms (cache miss)
1665 silly packumentCache corgi:https://registry.npmjs.org/flatted set size:undefined disposed:false
1666 http fetch GET 200 https://registry.npmjs.org/picomatch 58552ms (cache miss)
1667 silly packumentCache corgi:https://registry.npmjs.org/picomatch set size:undefined disposed:false
1668 http fetch GET 200 https://registry.npmjs.org/lodash 58555ms (cache miss)
1669 silly packumentCache corgi:https://registry.npmjs.org/lodash set size:undefined disposed:false
1670 http fetch GET 200 https://registry.npmjs.org/yaml 59568ms (cache miss)
1671 silly packumentCache corgi:https://registry.npmjs.org/yaml set size:undefined disposed:false
1672 http fetch GET 200 https://registry.npmjs.org/postcss 60151ms (cache miss)
1673 silly packumentCache corgi:https://registry.npmjs.org/postcss set size:undefined disposed:false
1674 http fetch GET 200 https://registry.npmjs.org/@babel/parser/-/parser-7.29.0.tgz 61646ms (cache miss)
1675 http fetch GET 200 https://registry.npmjs.org/vite/-/vite-7.3.1.tgz 61917ms (cache miss)
1676 http fetch GET 200 https://registry.npmjs.org/tar 60712ms (cache miss)
1677 silly packumentCache corgi:https://registry.npmjs.org/tar set size:undefined disposed:false
1678 http fetch GET 200 https://registry.npmjs.org/@babel/types/-/types-7.29.0.tgz 63974ms (cache miss)
1679 http fetch GET 200 https://registry.npmjs.org/@babel/core/-/core-7.29.0.tgz 64094ms (cache miss)
1680 http fetch GET 200 https://registry.npmjs.org/rollup 64478ms (cache miss)
1681 silly packumentCache corgi:https://registry.npmjs.org/rollup set size:undefined disposed:false
1682 http fetch GET 200 https://registry.npmjs.org/@tailwindcss/oxide-darwin-arm64/-/oxide-darwin-arm64-4.1.12.tgz 66713ms (cache miss)
1683 http fetch GET 200 https://registry.npmjs.org/vite 65585ms (cache miss)
1684 silly packumentCache corgi:https://registry.npmjs.org/vite set size:undefined disposed:false
1685 silly packumentCache corgi:https://registry.npmjs.org/minimatch cache-miss
1686 http fetch GET 200 https://registry.npmjs.org/minimatch 1766ms (cache miss)
1687 silly packumentCache corgi:https://registry.npmjs.org/minimatch set size:undefined disposed:false
1688 silly packumentCache corgi:https://registry.npmjs.org/cosmiconfig cache-miss
1689 http fetch GET 200 https://registry.npmjs.org/cosmiconfig 485ms (cache miss)
1690 silly packumentCache corgi:https://registry.npmjs.org/cosmiconfig set size:undefined disposed:false
1691 silly packumentCache corgi:https://registry.npmjs.org/flat-cache cache-miss
1692 http fetch GET 200 https://registry.npmjs.org/flat-cache 333ms (cache miss)
1693 silly packumentCache corgi:https://registry.npmjs.org/flat-cache set size:undefined disposed:false
1694 silly packumentCache corgi:https://registry.npmjs.org/recharts cache-miss
1695 http fetch GET 200 https://registry.npmjs.org/lucide-react/-/lucide-react-0.487.0.tgz 70103ms (cache miss)
1696 http fetch GET 200 https://registry.npmjs.org/recharts 1655ms (cache miss)
1697 silly packumentCache corgi:https://registry.npmjs.org/recharts set size:undefined disposed:false
1698 silly packumentCache corgi:https://registry.npmjs.org/fdir cache-miss
1699 silly packumentCache corgi:https://registry.npmjs.org/tinyglobby cache-miss
1700 silly packumentCache corgi:https://registry.npmjs.org/vitest cache-miss
1701 http fetch GET 200 https://registry.npmjs.org/tinyglobby 116ms (cache miss)
1702 silly packumentCache corgi:https://registry.npmjs.org/tinyglobby set size:undefined disposed:false
1703 http fetch GET 200 https://registry.npmjs.org/fdir 391ms (cache miss)
1704 silly packumentCache corgi:https://registry.npmjs.org/fdir set size:undefined disposed:false
1705 http fetch GET 200 https://registry.npmjs.org/vitest 3098ms (cache miss)
1706 silly packumentCache corgi:https://registry.npmjs.org/vitest set size:undefined disposed:false
1707 silly packumentCache corgi:https://registry.npmjs.org/@tailwindcss%2foxide cache-miss
1708 http fetch GET 200 https://registry.npmjs.org/@mui/icons-material/-/icons-material-7.3.5.tgz 75685ms (cache miss)
1709 http fetch GET 200 https://registry.npmjs.org/lightningcss-darwin-arm64/-/lightningcss-darwin-arm64-1.30.1.tgz 76675ms (cache miss)
1710 http fetch GET 200 https://registry.npmjs.org/date-fns/-/date-fns-3.6.0.tgz 78853ms (cache miss)
1711 http fetch GET 200 https://registry.npmjs.org/@tailwindcss%2foxide 6140ms (cache miss)
1712 silly packumentCache corgi:https://registry.npmjs.org/@tailwindcss%2foxide set size:undefined disposed:false
1713 silly packumentCache corgi:https://registry.npmjs.org/@tailwindcss%2fvite cache-miss
1714 silly packumentCache corgi:https://registry.npmjs.org/@vitejs%2fplugin-react cache-miss
1715 http fetch GET 200 https://registry.npmjs.org/@vitejs%2fplugin-react 647ms (cache miss)
1716 silly packumentCache corgi:https://registry.npmjs.org/@vitejs%2fplugin-react set size:undefined disposed:false
1717 http fetch GET 200 https://registry.npmjs.org/@tailwindcss%2fvite 4271ms (cache miss)
1718 silly packumentCache corgi:https://registry.npmjs.org/@tailwindcss%2fvite set size:undefined disposed:false
1719 silly packumentCache corgi:https://registry.npmjs.org/@vitest%2fmocker cache-miss
1720 http fetch GET 200 https://registry.npmjs.org/@vitest%2fmocker 410ms (cache miss)
1721 silly packumentCache corgi:https://registry.npmjs.org/@vitest%2fmocker set size:undefined disposed:false
1722 http fetch GET 200 https://registry.npmjs.org/@esbuild/darwin-arm64/-/darwin-arm64-0.25.12.tgz 89822ms (cache miss)
1723 http fetch GET 200 https://registry.npmjs.org/@esbuild/darwin-arm64/-/darwin-arm64-0.27.3.tgz 110233ms (cache miss)
1724 http fetch GET 200 https://registry.npmjs.org/react-icons/-/react-icons-5.5.0.tgz 173584ms (cache miss)
1725 info run @tailwindcss/oxide@4.1.12 postinstall node_modules/@tailwindcss/oxide node ./scripts/install.js
1726 info run esbuild@0.25.12 postinstall node_modules/esbuild node install.js
1727 info run esbuild@0.27.3 postinstall node_modules/vitest/node_modules/esbuild node install.js
1728 info run @tailwindcss/oxide@4.1.12 postinstall { code: 0, signal: null }
1729 info run esbuild@0.27.3 postinstall { code: 0, signal: null }
1730 info run esbuild@0.25.12 postinstall { code: 0, signal: null }
1731 silly ADD node_modules/zod-validation-error
1732 silly ADD node_modules/zod
1733 silly ADD node_modules/yocto-queue
1734 silly ADD node_modules/yallist
1735 silly ADD node_modules/wrappy
1736 silly ADD node_modules/word-wrap
1737 silly ADD node_modules/why-is-node-running
1738 silly ADD node_modules/which-typed-array
1739 silly ADD node_modules/which-collection
1740 silly ADD node_modules/which-builtin-type
1741 silly ADD node_modules/which-boxed-primitive
1742 silly ADD node_modules/which
1743 silly ADD node_modules/warning
1744 silly ADD node_modules/vitest
1745 silly ADD node_modules/vitest/node_modules/vite
1746 silly ADD node_modules/vitest/node_modules/esbuild
1747 silly ADD node_modules/vitest/node_modules/@vitest/mocker
1748 silly ADD node_modules/vitest/node_modules/@esbuild/darwin-arm64
1749 silly ADD node_modules/vite
1750 silly ADD node_modules/victory-vendor
1751 silly ADD node_modules/vaul
1752 silly ADD node_modules/use-sidecar
1753 silly ADD node_modules/use-callback-ref
1754 silly ADD node_modules/uri-js
1755 silly ADD node_modules/update-browserslist-db
1756 silly ADD node_modules/unbox-primitive
1757 silly ADD node_modules/typescript
1758 silly ADD node_modules/typed-array-length
1759 silly ADD node_modules/typed-array-byte-offset
1760 silly ADD node_modules/typed-array-byte-length
1761 silly ADD node_modules/typed-array-buffer
1762 silly ADD node_modules/type-fest
1763 silly ADD node_modules/type-check
1764 silly ADD node_modules/tw-animate-css
1765 silly ADD node_modules/tslib
1766 silly ADD node_modules/ts-api-utils
1767 silly ADD node_modules/tinyrainbow
1768 silly ADD node_modules/tinyglobby
1769 silly ADD node_modules/tinyexec
1770 silly ADD node_modules/tinybench
1771 silly ADD node_modules/tiny-invariant
1772 silly ADD node_modules/text-table
1773 silly ADD node_modules/tar
1774 silly ADD node_modules/tar/node_modules/yallist
1775 silly ADD node_modules/tapable
1776 silly ADD node_modules/tailwindcss
1777 silly ADD node_modules/tailwind-merge
1778 silly ADD node_modules/supports-preserve-symlinks-flag
1779 silly ADD node_modules/supports-color
1780 silly ADD node_modules/stylis
1781 silly ADD node_modules/strip-json-comments
1782 silly ADD node_modules/strip-ansi
1783 silly ADD node_modules/string.prototype.trimstart
1784 silly ADD node_modules/string.prototype.trimend
1785 silly ADD node_modules/string.prototype.trim
1786 silly ADD node_modules/string.prototype.repeat
1787 silly ADD node_modules/string.prototype.matchall
1788 silly ADD node_modules/string-convert
1789 silly ADD node_modules/stop-iteration-iterator
1790 silly ADD node_modules/std-env
1791 silly ADD node_modules/stackback
1792 silly ADD node_modules/source-map-js
1793 silly ADD node_modules/source-map
1794 silly ADD node_modules/sonner
1795 silly ADD node_modules/siginfo
1796 silly ADD node_modules/side-channel-weakmap
1797 silly ADD node_modules/side-channel-map
1798 silly ADD node_modules/side-channel-list
1799 silly ADD node_modules/side-channel
1800 silly ADD node_modules/shebang-regex
1801 silly ADD node_modules/shebang-command
1802 silly ADD node_modules/set-proto
1803 silly ADD node_modules/set-function-name
1804 silly ADD node_modules/set-function-length
1805 silly ADD node_modules/set-cookie-parser
1806 silly ADD node_modules/semver
1807 silly ADD node_modules/scheduler
1808 silly ADD node_modules/safe-push-apply
1809 silly ADD node_modules/safe-array-concat
1810 silly ADD node_modules/run-parallel
1811 silly ADD node_modules/rollup
1812 silly ADD node_modules/rimraf
1813 silly ADD node_modules/reusify
1814 silly ADD node_modules/resolve-from
1815 silly ADD node_modules/resolve
1816 silly ADD node_modules/resize-observer-polyfill
1817 silly ADD node_modules/regexp.prototype.flags
1818 silly ADD node_modules/reflect.getprototypeof
1819 silly ADD node_modules/redux
1820 silly ADD node_modules/recharts-scale
1821 silly ADD node_modules/recharts
1822 silly ADD node_modules/recharts/node_modules/react-is
1823 silly ADD node_modules/react-transition-group
1824 silly ADD node_modules/react-style-singleton
1825 silly ADD node_modules/react-smooth
1826 silly ADD node_modules/react-slick
1827 silly ADD node_modules/react-router-dom
1828 silly ADD node_modules/react-router
1829 silly ADD node_modules/react-responsive-masonry
1830 silly ADD node_modules/react-resizable-panels
1831 silly ADD node_modules/react-remove-scroll-bar
1832 silly ADD node_modules/react-remove-scroll
1833 silly ADD node_modules/react-refresh
1834 silly ADD node_modules/react-popper
1835 silly ADD node_modules/react-is
1836 silly ADD node_modules/react-icons
1837 silly ADD node_modules/react-hook-form
1838 silly ADD node_modules/react-fast-compare
1839 silly ADD node_modules/react-dom
1840 silly ADD node_modules/react-dnd-html5-backend
1841 silly ADD node_modules/react-dnd
1842 silly ADD node_modules/react-day-picker
1843 silly ADD node_modules/react
1844 silly ADD node_modules/queue-microtask
1845 silly ADD node_modules/punycode
1846 silly ADD node_modules/prop-types
1847 silly ADD node_modules/prop-types/node_modules/react-is
1848 silly ADD node_modules/prettier
1849 silly ADD node_modules/prelude-ls
1850 silly ADD node_modules/postcss
1851 silly ADD node_modules/possible-typed-array-names
1852 silly ADD node_modules/picomatch
1853 silly ADD node_modules/picocolors
1854 silly ADD node_modules/pathe
1855 silly ADD node_modules/path-type
1856 silly ADD node_modules/path-parse
1857 silly ADD node_modules/path-key
1858 silly ADD node_modules/path-is-absolute
1859 silly ADD node_modules/path-exists
1860 silly ADD node_modules/parse-json
1861 silly ADD node_modules/parent-module
1862 silly ADD node_modules/p-locate
1863 silly ADD node_modules/p-limit
1864 silly ADD node_modules/own-keys
1865 silly ADD node_modules/optionator
1866 silly ADD node_modules/once
1867 silly ADD node_modules/obug
1868 silly ADD node_modules/object.values
1869 silly ADD node_modules/object.fromentries
1870 silly ADD node_modules/object.entries
1871 silly ADD node_modules/object.assign
1872 silly ADD node_modules/object-keys
1873 silly ADD node_modules/object-inspect
1874 silly ADD node_modules/object-assign
1875 silly ADD node_modules/node-releases
1876 silly ADD node_modules/node-exports-info
1877 silly ADD node_modules/next-themes
1878 silly ADD node_modules/natural-compare
1879 silly ADD node_modules/nanoid
1880 silly ADD node_modules/ms
1881 silly ADD node_modules/motion-utils
1882 silly ADD node_modules/motion-dom
1883 silly ADD node_modules/motion
1884 silly ADD node_modules/minizlib
1885 silly ADD node_modules/minipass
1886 silly ADD node_modules/minimatch
1887 silly ADD node_modules/math-intrinsics
1888 silly ADD node_modules/magic-string
1889 silly ADD node_modules/lucide-react
1890 silly ADD node_modules/lru-cache
1891 silly ADD node_modules/loose-envify
1892 silly ADD node_modules/lodash.merge
1893 silly ADD node_modules/lodash.debounce
1894 silly ADD node_modules/lodash
1895 silly ADD node_modules/locate-path
1896 silly ADD node_modules/lines-and-columns
1897 silly ADD node_modules/lightningcss-darwin-arm64
1898 silly ADD node_modules/lightningcss
1899 silly ADD node_modules/levn
1900 silly ADD node_modules/keyv
1901 silly ADD node_modules/jsx-ast-utils
1902 silly ADD node_modules/json5
1903 silly ADD node_modules/json2mq
1904 silly ADD node_modules/json-stable-stringify-without-jsonify
1905 silly ADD node_modules/json-schema-traverse
1906 silly ADD node_modules/json-parse-even-better-errors
1907 silly ADD node_modules/json-buffer
1908 silly ADD node_modules/jsesc
1909 silly ADD node_modules/js-yaml
1910 silly ADD node_modules/js-tokens
1911 silly ADD node_modules/jiti
1912 silly ADD node_modules/iterator.prototype
1913 silly ADD node_modules/isexe
1914 silly ADD node_modules/isarray
1915 silly ADD node_modules/is-weakset
1916 silly ADD node_modules/is-weakref
1917 silly ADD node_modules/is-weakmap
1918 silly ADD node_modules/is-typed-array
1919 silly ADD node_modules/is-symbol
1920 silly ADD node_modules/is-string
1921 silly ADD node_modules/is-shared-array-buffer
1922 silly ADD node_modules/is-set
1923 silly ADD node_modules/is-regex
1924 silly ADD node_modules/is-path-inside
1925 silly ADD node_modules/is-number-object
1926 silly ADD node_modules/is-negative-zero
1927 silly ADD node_modules/is-map
1928 silly ADD node_modules/is-glob
1929 silly ADD node_modules/is-generator-function
1930 silly ADD node_modules/is-finalizationregistry
1931 silly ADD node_modules/is-extglob
1932 silly ADD node_modules/is-date-object
1933 silly ADD node_modules/is-data-view
1934 silly ADD node_modules/is-core-module
1935 silly ADD node_modules/is-callable
1936 silly ADD node_modules/is-boolean-object
1937 silly ADD node_modules/is-bigint
1938 silly ADD node_modules/is-async-function
1939 silly ADD node_modules/is-arrayish
1940 silly ADD node_modules/is-array-buffer
1941 silly ADD node_modules/internmap
1942 silly ADD node_modules/internal-slot
1943 silly ADD node_modules/input-otp
1944 silly ADD node_modules/inherits
1945 silly ADD node_modules/inflight
1946 silly ADD node_modules/imurmurhash
1947 silly ADD node_modules/import-fresh
1948 silly ADD node_modules/ignore
1949 silly ADD node_modules/hoist-non-react-statics
1950 silly ADD node_modules/hoist-non-react-statics/node_modules/react-is
1951 silly ADD node_modules/hermes-parser
1952 silly ADD node_modules/hermes-estree
1953 silly ADD node_modules/hasown
1954 silly ADD node_modules/has-tostringtag
1955 silly ADD node_modules/has-symbols
1956 silly ADD node_modules/has-proto
1957 silly ADD node_modules/has-property-descriptors
1958 silly ADD node_modules/has-flag
1959 silly ADD node_modules/has-bigints
1960 silly ADD node_modules/graphemer
1961 silly ADD node_modules/graceful-fs
1962 silly ADD node_modules/gopd
1963 silly ADD node_modules/globalthis
1964 silly ADD node_modules/globals
1965 silly ADD node_modules/glob-parent
1966 silly ADD node_modules/glob
1967 silly ADD node_modules/glob/node_modules/minimatch
1968 silly ADD node_modules/glob/node_modules/brace-expansion
1969 silly ADD node_modules/glob/node_modules/balanced-match
1970 silly ADD node_modules/get-symbol-description
1971 silly ADD node_modules/get-proto
1972 silly ADD node_modules/get-nonce
1973 silly ADD node_modules/get-intrinsic
1974 silly ADD node_modules/gensync
1975 silly ADD node_modules/generator-function
1976 silly ADD node_modules/functions-have-names
1977 silly ADD node_modules/function.prototype.name
1978 silly ADD node_modules/function-bind
1979 silly ADD node_modules/fsevents
1980 silly ADD node_modules/fs.realpath
1981 silly ADD node_modules/framer-motion
1982 silly ADD node_modules/for-each
1983 silly ADD node_modules/flatted
1984 silly ADD node_modules/flat-cache
1985 silly ADD node_modules/find-up
1986 silly ADD node_modules/find-root
1987 silly ADD node_modules/file-entry-cache
1988 silly ADD node_modules/fdir
1989 silly ADD node_modules/fastq
1990 silly ADD node_modules/fast-levenshtein
1991 silly ADD node_modules/fast-json-stable-stringify
1992 silly ADD node_modules/fast-equals
1993 silly ADD node_modules/fast-deep-equal
1994 silly ADD node_modules/expect-type
1995 silly ADD node_modules/eventemitter3
1996 silly ADD node_modules/esutils
1997 silly ADD node_modules/estree-walker
1998 silly ADD node_modules/estraverse
1999 silly ADD node_modules/esrecurse
2000 silly ADD node_modules/esquery
2001 silly ADD node_modules/espree
2002 silly ADD node_modules/eslint-visitor-keys
2003 silly ADD node_modules/eslint-scope
2004 silly ADD node_modules/eslint-plugin-react-hooks
2005 silly ADD node_modules/eslint-plugin-react
2006 silly ADD node_modules/eslint-plugin-react/node_modules/resolve
2007 silly ADD node_modules/eslint-plugin-react/node_modules/minimatch
2008 silly ADD node_modules/eslint-plugin-react/node_modules/brace-expansion
2009 silly ADD node_modules/eslint-plugin-react/node_modules/balanced-match
2010 silly ADD node_modules/eslint
2011 silly ADD node_modules/eslint/node_modules/minimatch
2012 silly ADD node_modules/eslint/node_modules/ignore
2013 silly ADD node_modules/eslint/node_modules/doctrine
2014 silly ADD node_modules/eslint/node_modules/brace-expansion
2015 silly ADD node_modules/eslint/node_modules/balanced-match
2016 silly ADD node_modules/escape-string-regexp
2017 silly ADD node_modules/escalade
2018 silly ADD node_modules/esbuild
2019 silly ADD node_modules/es-to-primitive
2020 silly ADD node_modules/es-shim-unscopables
2021 silly ADD node_modules/es-set-tostringtag
2022 silly ADD node_modules/es-object-atoms
2023 silly ADD node_modules/es-module-lexer
2024 silly ADD node_modules/es-iterator-helpers
2025 silly ADD node_modules/es-errors
2026 silly ADD node_modules/es-define-property
2027 silly ADD node_modules/es-abstract
2028 silly ADD node_modules/error-ex
2029 silly ADD node_modules/enhanced-resolve
2030 silly ADD node_modules/embla-carousel-reactive-utils
2031 silly ADD node_modules/embla-carousel-react
2032 silly ADD node_modules/embla-carousel
2033 silly ADD node_modules/electron-to-chromium
2034 silly ADD node_modules/dunder-proto
2035 silly ADD node_modules/dom-helpers
2036 silly ADD node_modules/doctrine
2037 silly ADD node_modules/dnd-core
2038 silly ADD node_modules/detect-node-es
2039 silly ADD node_modules/detect-libc
2040 silly ADD node_modules/define-properties
2041 silly ADD node_modules/define-data-property
2042 silly ADD node_modules/deep-is
2043 silly ADD node_modules/decimal.js-light
2044 silly ADD node_modules/debug
2045 silly ADD node_modules/date-fns
2046 silly ADD node_modules/data-view-byte-offset
2047 silly ADD node_modules/data-view-byte-length
2048 silly ADD node_modules/data-view-buffer
2049 silly ADD node_modules/d3-timer
2050 silly ADD node_modules/d3-time-format
2051 silly ADD node_modules/d3-time
2052 silly ADD node_modules/d3-shape
2053 silly ADD node_modules/d3-scale
2054 silly ADD node_modules/d3-path
2055 silly ADD node_modules/d3-interpolate
2056 silly ADD node_modules/d3-format
2057 silly ADD node_modules/d3-ease
2058 silly ADD node_modules/d3-color
2059 silly ADD node_modules/d3-array
2060 silly ADD node_modules/csstype
2061 silly ADD node_modules/cross-spawn
2062 silly ADD node_modules/cosmiconfig
2063 silly ADD node_modules/cosmiconfig/node_modules/yaml
2064 silly ADD node_modules/cookie
2065 silly ADD node_modules/convert-source-map
2066 silly ADD node_modules/concat-map
2067 silly ADD node_modules/color-name
2068 silly ADD node_modules/color-convert
2069 silly ADD node_modules/cmdk
2070 silly ADD node_modules/clsx
2071 silly ADD node_modules/classnames
2072 silly ADD node_modules/class-variance-authority
2073 silly ADD node_modules/chownr
2074 silly ADD node_modules/chalk
2075 silly ADD node_modules/chai
2076 silly ADD node_modules/caniuse-lite
2077 silly ADD node_modules/callsites
2078 silly ADD node_modules/call-bound
2079 silly ADD node_modules/call-bind-apply-helpers
2080 silly ADD node_modules/call-bind
2081 silly ADD node_modules/browserslist
2082 silly ADD node_modules/brace-expansion
2083 silly ADD node_modules/baseline-browser-mapping
2084 silly ADD node_modules/balanced-match
2085 silly ADD node_modules/babel-plugin-macros
2086 silly ADD node_modules/available-typed-arrays
2087 silly ADD node_modules/async-function
2088 silly ADD node_modules/assertion-error
2089 silly ADD node_modules/arraybuffer.prototype.slice
2090 silly ADD node_modules/array.prototype.tosorted
2091 silly ADD node_modules/array.prototype.flatmap
2092 silly ADD node_modules/array.prototype.flat
2093 silly ADD node_modules/array.prototype.findlast
2094 silly ADD node_modules/array-includes
2095 silly ADD node_modules/array-buffer-byte-length
2096 silly ADD node_modules/aria-hidden
2097 silly ADD node_modules/argparse
2098 silly ADD node_modules/ansi-styles
2099 silly ADD node_modules/ansi-regex
2100 silly ADD node_modules/ajv
2101 silly ADD node_modules/acorn-jsx
2102 silly ADD node_modules/acorn
2103 silly ADD node_modules/@vitest/utils
2104 silly ADD node_modules/@vitest/spy
2105 silly ADD node_modules/@vitest/snapshot
2106 silly ADD node_modules/@vitest/runner
2107 silly ADD node_modules/@vitest/pretty-format
2108 silly ADD node_modules/@vitest/expect
2109 silly ADD node_modules/@vitejs/plugin-react
2110 silly ADD node_modules/@ungap/structured-clone
2111 silly ADD node_modules/@typescript-eslint/visitor-keys
2112 silly ADD node_modules/@typescript-eslint/visitor-keys/node_modules/eslint-visitor-keys
2113 silly ADD node_modules/@typescript-eslint/utils
2114 silly ADD node_modules/@typescript-eslint/typescript-estree
2115 silly ADD node_modules/@typescript-eslint/typescript-estree/node_modules/semver
2116 silly ADD node_modules/@typescript-eslint/types
2117 silly ADD node_modules/@typescript-eslint/type-utils
2118 silly ADD node_modules/@typescript-eslint/tsconfig-utils
2119 silly ADD node_modules/@typescript-eslint/scope-manager
2120 silly ADD node_modules/@typescript-eslint/project-service
2121 silly ADD node_modules/@typescript-eslint/parser
2122 silly ADD node_modules/@typescript-eslint/eslint-plugin
2123 silly ADD node_modules/@types/react-transition-group
2124 silly ADD node_modules/@types/react-dom
2125 silly ADD node_modules/@types/react
2126 silly ADD node_modules/@types/prop-types
2127 silly ADD node_modules/@types/parse-json
2128 silly ADD node_modules/@types/estree
2129 silly ADD node_modules/@types/deep-eql
2130 silly ADD node_modules/@types/d3-timer
2131 silly ADD node_modules/@types/d3-time
2132 silly ADD node_modules/@types/d3-shape
2133 silly ADD node_modules/@types/d3-scale
2134 silly ADD node_modules/@types/d3-path
2135 silly ADD node_modules/@types/d3-interpolate
2136 silly ADD node_modules/@types/d3-ease
2137 silly ADD node_modules/@types/d3-color
2138 silly ADD node_modules/@types/d3-array
2139 silly ADD node_modules/@types/chai
2140 silly ADD node_modules/@types/babel__traverse
2141 silly ADD node_modules/@types/babel__template
2142 silly ADD node_modules/@types/babel__generator
2143 silly ADD node_modules/@types/babel__core
2144 silly ADD node_modules/@tailwindcss/vite
2145 silly ADD node_modules/@tailwindcss/oxide-darwin-arm64
2146 silly ADD node_modules/@tailwindcss/oxide
2147 silly ADD node_modules/@tailwindcss/node
2148 silly ADD node_modules/@standard-schema/spec
2149 silly ADD node_modules/@rollup/rollup-darwin-arm64
2150 silly ADD node_modules/@rolldown/pluginutils
2151 silly ADD node_modules/@react-dnd/shallowequal
2152 silly ADD node_modules/@react-dnd/invariant
2153 silly ADD node_modules/@react-dnd/asap
2154 silly ADD node_modules/@radix-ui/rect
2155 silly ADD node_modules/@radix-ui/react-visually-hidden
2156 silly ADD node_modules/@radix-ui/react-use-size
2157 silly ADD node_modules/@radix-ui/react-use-rect
2158 silly ADD node_modules/@radix-ui/react-use-previous
2159 silly ADD node_modules/@radix-ui/react-use-layout-effect
2160 silly ADD node_modules/@radix-ui/react-use-escape-keydown
2161 silly ADD node_modules/@radix-ui/react-use-controllable-state
2162 silly ADD node_modules/@radix-ui/react-use-callback-ref
2163 silly ADD node_modules/@radix-ui/react-tooltip
2164 silly ADD node_modules/@radix-ui/react-toggle-group
2165 silly ADD node_modules/@radix-ui/react-toggle
2166 silly ADD node_modules/@radix-ui/react-tabs
2167 silly ADD node_modules/@radix-ui/react-switch
2168 silly ADD node_modules/@radix-ui/react-slot
2169 silly ADD node_modules/@radix-ui/react-slider
2170 silly ADD node_modules/@radix-ui/react-separator
2171 silly ADD node_modules/@radix-ui/react-select
2172 silly ADD node_modules/@radix-ui/react-scroll-area
2173 silly ADD node_modules/@radix-ui/react-roving-focus
2174 silly ADD node_modules/@radix-ui/react-radio-group
2175 silly ADD node_modules/@radix-ui/react-progress
2176 silly ADD node_modules/@radix-ui/react-primitive
2177 silly ADD node_modules/@radix-ui/react-presence
2178 silly ADD node_modules/@radix-ui/react-portal
2179 silly ADD node_modules/@radix-ui/react-popper
2180 silly ADD node_modules/@radix-ui/react-popover
2181 silly ADD node_modules/@radix-ui/react-navigation-menu
2182 silly ADD node_modules/@radix-ui/react-menubar
2183 silly ADD node_modules/@radix-ui/react-menu
2184 silly ADD node_modules/@radix-ui/react-label
2185 silly ADD node_modules/@radix-ui/react-id
2186 silly ADD node_modules/@radix-ui/react-hover-card
2187 silly ADD node_modules/@radix-ui/react-focus-scope
2188 silly ADD node_modules/@radix-ui/react-focus-guards
2189 silly ADD node_modules/@radix-ui/react-dropdown-menu
2190 silly ADD node_modules/@radix-ui/react-dismissable-layer
2191 silly ADD node_modules/@radix-ui/react-direction
2192 silly ADD node_modules/@radix-ui/react-dialog
2193 silly ADD node_modules/@radix-ui/react-context-menu
2194 silly ADD node_modules/@radix-ui/react-context
2195 silly ADD node_modules/@radix-ui/react-compose-refs
2196 silly ADD node_modules/@radix-ui/react-collection
2197 silly ADD node_modules/@radix-ui/react-collapsible
2198 silly ADD node_modules/@radix-ui/react-checkbox
2199 silly ADD node_modules/@radix-ui/react-avatar
2200 silly ADD node_modules/@radix-ui/react-aspect-ratio
2201 silly ADD node_modules/@radix-ui/react-arrow
2202 silly ADD node_modules/@radix-ui/react-alert-dialog
2203 silly ADD node_modules/@radix-ui/react-accordion
2204 silly ADD node_modules/@radix-ui/primitive
2205 silly ADD node_modules/@radix-ui/number
2206 silly ADD node_modules/@popperjs/core
2207 silly ADD node_modules/@nodelib/fs.walk
2208 silly ADD node_modules/@nodelib/fs.stat
2209 silly ADD node_modules/@nodelib/fs.scandir
2210 silly ADD node_modules/@mui/utils
2211 silly ADD node_modules/@mui/types
2212 silly ADD node_modules/@mui/system
2213 silly ADD node_modules/@mui/styled-engine
2214 silly ADD node_modules/@mui/private-theming
2215 silly ADD node_modules/@mui/material
2216 silly ADD node_modules/@mui/core-downloads-tracker
2217 silly ADD node_modules/@jridgewell/trace-mapping
2218 silly ADD node_modules/@jridgewell/sourcemap-codec
2219 silly ADD node_modules/@jridgewell/resolve-uri
2220 silly ADD node_modules/@jridgewell/remapping
2221 silly ADD node_modules/@jridgewell/gen-mapping
2222 silly ADD node_modules/@isaacs/fs-minipass
2223 silly ADD node_modules/@humanwhocodes/object-schema
2224 silly ADD node_modules/@humanwhocodes/module-importer
2225 silly ADD node_modules/@humanwhocodes/config-array
2226 silly ADD node_modules/@humanwhocodes/config-array/node_modules/minimatch
2227 silly ADD node_modules/@humanwhocodes/config-array/node_modules/brace-expansion
2228 silly ADD node_modules/@humanwhocodes/config-array/node_modules/balanced-match
2229 silly ADD node_modules/@floating-ui/utils
2230 silly ADD node_modules/@floating-ui/react-dom
2231 silly ADD node_modules/@floating-ui/dom
2232 silly ADD node_modules/@floating-ui/core
2233 silly ADD node_modules/@eslint/js
2234 silly ADD node_modules/@eslint/eslintrc
2235 silly ADD node_modules/@eslint/eslintrc/node_modules/minimatch
2236 silly ADD node_modules/@eslint/eslintrc/node_modules/ignore
2237 silly ADD node_modules/@eslint/eslintrc/node_modules/brace-expansion
2238 silly ADD node_modules/@eslint/eslintrc/node_modules/balanced-match
2239 silly ADD node_modules/@eslint-community/regexpp
2240 silly ADD node_modules/@eslint-community/eslint-utils
2241 silly ADD node_modules/@esbuild/darwin-arm64
2242 silly ADD node_modules/@emotion/weak-memoize
2243 silly ADD node_modules/@emotion/utils
2244 silly ADD node_modules/@emotion/use-insertion-effect-with-fallbacks
2245 silly ADD node_modules/@emotion/unitless
2246 silly ADD node_modules/@emotion/styled
2247 silly ADD node_modules/@emotion/sheet
2248 silly ADD node_modules/@emotion/serialize
2249 silly ADD node_modules/@emotion/react
2250 silly ADD node_modules/@emotion/memoize
2251 silly ADD node_modules/@emotion/is-prop-valid
2252 silly ADD node_modules/@emotion/hash
2253 silly ADD node_modules/@emotion/cache
2254 silly ADD node_modules/@emotion/babel-plugin
2255 silly ADD node_modules/@emotion/babel-plugin/node_modules/convert-source-map
2256 silly ADD node_modules/@babel/types
2257 silly ADD node_modules/@babel/traverse
2258 silly ADD node_modules/@babel/template
2259 silly ADD node_modules/@babel/runtime
2260 silly ADD node_modules/@babel/plugin-transform-react-jsx-source
2261 silly ADD node_modules/@babel/plugin-transform-react-jsx-self
2262 silly ADD node_modules/@babel/parser
2263 silly ADD node_modules/@babel/helpers
2264 silly ADD node_modules/@babel/helper-validator-option
2265 silly ADD node_modules/@babel/helper-validator-identifier
2266 silly ADD node_modules/@babel/helper-string-parser
2267 silly ADD node_modules/@babel/helper-plugin-utils
2268 silly ADD node_modules/@babel/helper-module-transforms
2269 silly ADD node_modules/@babel/helper-module-imports
2270 silly ADD node_modules/@babel/helper-globals
2271 silly ADD node_modules/@babel/helper-compilation-targets
2272 silly ADD node_modules/@babel/generator
2273 silly ADD node_modules/@babel/core
2274 silly ADD node_modules/@babel/compat-data
2275 silly ADD node_modules/@babel/code-frame
2276 silly CHANGE node_modules/@mui/icons-material
2277 verbose cwd /Users/prithukathet/Desktop/Lewis_University/4thSem/disaster-relief-platform/frontend
2278 verbose os Darwin 24.6.0
2279 verbose node v25.2.1
2280 verbose npm  v11.6.2
2281 notice
2281 notice New minor version of npm available! 11.6.2 -> 11.13.0
2281 notice Changelog: https://github.com/npm/cli/releases/tag/v11.13.0
2281 notice To update run: npm install -g npm@11.13.0
2281 notice  { force: true, Symbol(proc-log.meta): true }
2282 verbose exit 0
2283 info ok
